{"metadata":{"version":3,"vertices":24,"generator":"io_three","faces":14,"uvs":0,"materials":1,"normals":11,"type":"Geometry"},"vertices":[-0.829193,0.348432,0.187894,-0.829193,0.487097,0.187894,-0.829193,0.348432,-0.187895,-0.829193,0.487097,-0.187895,-0.691891,7.41966e-09,0.169742,-0.691891,0.366994,0.169742,-0.691891,-7.41972e-09,-0.169744,-0.691891,0.366994,-0.169744,-0.539512,7.41966e-09,0.169742,-0.539512,0.366994,0.169742,-0.539512,-7.41972e-09,-0.169744,-0.539512,0.366994,-0.169744,0.829193,0.348432,0.187894,0.829193,0.487097,0.187894,0.829193,0.348432,-0.187895,0.829193,0.487097,-0.187895,0.691891,7.41966e-09,0.169742,0.691891,0.366994,0.169742,0.691891,-7.41972e-09,-0.169744,0.691891,0.366994,-0.169744,0.539512,7.41966e-09,0.169742,0.539512,0.366994,0.169742,0.539512,-7.41972e-09,-0.169744,0.539512,0.366994,-0.169744],"normals":[-0,-1,0,-1,0,0,0,0,1,-0,1,0,0,-4.06033e-08,-1,1,0,0,-1,-0,0,0,4.06033e-08,1,1,0,0,-1,0,0,0,0,-1],"faces":[35,0,2,14,12,0,0,0,0,0,35,0,1,3,2,0,1,1,1,1,35,1,0,12,13,0,2,2,2,2,35,13,15,3,1,0,3,3,3,3,35,6,7,11,10,0,4,4,4,4,35,8,10,11,9,0,5,5,5,5,35,6,4,5,7,0,6,6,6,6,35,8,9,5,4,0,7,7,7,7,35,12,14,15,13,0,8,8,8,8,35,18,22,23,19,0,4,4,4,4,35,20,21,23,22,0,9,9,9,9,35,18,19,17,16,0,5,5,5,5,35,20,16,17,21,0,7,7,7,7,35,15,14,2,3,0,10,10,10,10],"uvs":[],"materials":[{"visible":true,"depthTest":true,"shading":"phong","DbgColor":15658734,"DbgName":"mat_Marble","doubleSided":false,"DbgIndex":0,"blending":1,"colorDiffuse":[0.64,0.64,0.64],"colorSpecular":[0.5,0.5,0.5],"wireframe":false,"transparent":false,"opacity":1,"depthWrite":true,"specularCoef":50,"colorEmissive":[0,0,0]}]}