{"metadata":{"version":3,"vertices":201,"generator":"io_three","faces":182,"uvs":0,"materials":0,"normals":169,"type":"Geometry"},"vertices":[0,-1.54501e-06,-35.3456,-0.939439,-1.54383e-06,-35.3186,-6.5404,-1.52619e-06,-34.4013,-9.56603,-1.86011e-06,-33.7195,-12.9029,-1.42058e-06,-32.499,-15.9832,-1.34304e-06,-31.1463,-19.1307,-1.27254e-06,-29.4515,-21.9738,-1.07018e-06,-27.605,-24.9332,-9.30424e-07,-25.3671,-28.3384,-1.12203e-06,-22.7672,-31.3507,-1.04106e-06,-20.1408,-34.7505,-7.20846e-07,-16.8135,-37.2878,-6.01605e-07,-13.7631,-39.3736,-4.57444e-07,-10.4651,-40.8094,-3.91434e-07,-6.87523,-41.6203,-1.52412e-07,-3.48678,63.5264,-1.54501e-06,-35.3456,9.91101e-06,-4.68178e-07,-10.7107,63.5264,-4.68178e-07,-10.7107,64.1764,-1.70492e-07,-10.5121,64.8062,-1.8498e-07,-10.2706,65.4402,-1.47023e-07,-9.95229,66.102,-1.58765e-07,-9.56776,66.6571,-1.66033e-07,-9.17256,67.2335,-3.82271e-07,-8.74533,67.7779,-3.62663e-07,-8.29676,68.3117,-3.39322e-07,-7.76279,68.792,-1.81348e-07,-7.1968,69.251,-1.78043e-07,-6.66283,69.646,-1.70538e-07,-6.03279,70.0302,-1.67075e-07,-5.39207,70.3905,-2.05239e-07,-4.69532,70.6903,-1.72528e-07,-3.94697,70.9322,-1.40011e-07,-3.20307,71.1617,-1.024e-07,-2.34264,71.3645,-5.32026e-08,-1.21713,87.2145,-0.705236,-22.5235,90.6414,-0.705236,-19.3567,93.7926,-0.705235,-15.9764,96.7036,-0.705235,-12.2403,99.0185,-0.705235,-8.39738,100.764,-0.705235,-4.02968,63.5264,-1.2758e-06,-29.1869,63.5264,-1.00659e-06,-23.0282,63.5264,-7.37385e-07,-16.8694,83.2324,-0.705236,-16.8927,79.2503,-0.705235,-11.2618,75.2682,-0.705235,-5.63088,85.0928,-0.705235,-14.0772,86.9531,-0.705235,-11.2618,88.8135,-0.705235,-8.44633,90.6739,-0.705235,-5.63088,92.5342,-0.705235,-2.81544,80.5582,-0.705235,-9.38481,81.8661,-0.705235,-7.50784,83.1739,-0.705235,-5.63088,84.4818,-0.705235,-3.75392,85.7897,-0.705235,-1.87696,76.0236,-0.705235,-4.6924,76.779,-0.705235,-3.75392,77.5344,-0.705235,-2.81544,78.2898,-0.705235,-1.87696,79.0452,-0.705235,-0.938481,84.3998,-0.604488,-24.7911,81.3716,-0.50374,-27.1121,78.0499,-0.402993,-29.2374,74.2033,-0.302245,-31.2559,70.6502,-0.201497,-32.6518,67.0616,-0.100749,-33.7897,64.6349,-0.100748,-9.18057,65.7434,-0.201496,-7.65048,66.852,-0.302244,-6.12038,67.9605,-0.402992,-4.59028,69.069,-0.503739,-3.06019,70.1775,-0.604487,-1.53009,66.3415,-0.100749,-27.4306,69.1567,-0.201497,-25.6743,71.9718,-0.302245,-23.9179,74.787,-0.402992,-22.1616,77.6021,-0.50374,-20.4053,80.4173,-0.604488,-18.649,65.7727,-0.100749,-21.3472,68.0189,-0.201497,-19.6663,70.2652,-0.302244,-17.9854,72.5115,-0.402992,-16.3045,74.7578,-0.50374,-14.6236,77.004,-0.604487,-12.9427,65.2038,-0.100749,-15.2639,66.8812,-0.201496,-13.6584,68.5586,-0.302244,-12.0529,70.236,-0.402992,-10.4474,71.9134,-0.50374,-8.84189,73.5908,-0.604487,-7.23639,0,1.54501e-06,35.3456,-0.939439,1.54383e-06,35.3186,-6.5404,1.48126e-06,34.4013,-9.56603,1.08775e-06,33.7195,-12.9029,1.42058e-06,32.499,-15.9832,1.37986e-06,31.1463,-19.1307,1.30219e-06,29.4515,-21.9738,1.34313e-06,27.605,-24.9332,1.28724e-06,25.3671,-28.3384,8.68337e-07,22.7672,-31.3507,7.19708e-07,20.1408,-34.7505,7.49035e-07,16.8135,-37.2878,6.01605e-07,13.7631,-39.3736,4.57444e-07,10.4651,-40.8094,2.09618e-07,6.87523,-41.6203,1.52412e-07,3.48678,-41.8448,0,0,1.42769e-05,0,0,63.5264,1.54501e-06,35.3456,63.5264,0,0,9.91101e-06,4.68178e-07,10.7107,63.5264,4.68178e-07,10.7107,71.4179,0,0,64.1764,7.48507e-07,10.5121,64.8062,7.12907e-07,10.2706,65.4402,7.23034e-07,9.95229,66.102,6.77676e-07,9.56776,66.6571,6.35858e-07,9.17256,67.2335,3.82271e-07,8.74533,67.7779,3.62663e-07,8.29676,68.3117,3.39322e-07,7.76279,68.792,4.47816e-07,7.1968,69.251,4.0444e-07,6.66283,69.646,3.56865e-07,6.03279,70.0302,3.04316e-07,5.39207,70.3905,2.05239e-07,4.69532,70.6903,1.72528e-07,3.94697,70.9322,1.40011e-07,3.20307,71.1617,1.024e-07,2.34264,71.3645,5.32026e-08,1.21713,87.2145,-0.705234,22.5235,71.2861,-0.705235,3.08268e-08,101.558,-0.705235,3.08268e-08,72.5036,-0.705235,3.08268e-08,71.489,-0.705235,3.08268e-08,90.6414,-0.705234,19.3567,93.7926,-0.705234,15.9764,96.7036,-0.705234,12.2403,99.0185,-0.705235,8.39738,100.764,-0.705235,4.02968,63.5264,1.2758e-06,29.1869,63.5264,1.00659e-06,23.0282,63.5264,7.37385e-07,16.8694,83.2324,-0.705234,16.8927,79.2503,-0.705234,11.2618,75.2682,-0.705235,5.63088,94.3946,-0.705235,3.08268e-08,87.0976,-0.705235,3.08268e-08,79.8006,-0.705235,3.08268e-08,71.6919,-0.705235,3.08268e-08,71.8949,-0.705235,3.08268e-08,72.0978,-0.705235,3.08268e-08,72.3007,-0.705235,3.08268e-08,85.0928,-0.705234,14.0772,86.9531,-0.705234,11.2618,88.8135,-0.705234,8.44633,90.6739,-0.705235,5.63088,92.5342,-0.705235,2.81544,80.5582,-0.705234,9.38481,81.8661,-0.705234,7.50784,83.1739,-0.705235,5.63088,84.4818,-0.705235,3.75392,85.7897,-0.705235,1.87696,76.0236,-0.705235,4.6924,76.779,-0.705235,3.75392,77.5344,-0.705235,2.81544,78.2898,-0.705235,1.87696,79.0452,-0.705235,0.938481,84.3998,-0.604486,24.7911,81.3716,-0.503738,27.1121,78.0499,-0.40299,29.2374,74.2033,-0.302242,31.2559,70.6502,-0.201494,32.6518,67.0616,-0.100746,33.7897,64.6349,-0.100747,9.18057,65.7434,-0.201495,7.65048,66.852,-0.302243,6.12038,67.9605,-0.402991,4.59028,69.069,-0.503739,3.06019,70.1775,-0.604487,1.53009,66.3415,-0.100747,27.4306,69.1567,-0.201495,25.6743,71.9718,-0.302242,23.9179,74.787,-0.40299,22.1616,77.6021,-0.503738,20.4053,80.4173,-0.604486,18.649,65.7727,-0.100747,21.3472,68.0189,-0.201495,19.6663,70.2652,-0.302243,17.9854,72.5115,-0.402991,16.3045,74.7578,-0.503739,14.6236,77.004,-0.604486,12.9427,65.2038,-0.100747,15.2639,66.8812,-0.201495,13.6584,68.5586,-0.302243,12.0529,70.236,-0.402991,10.4474,71.9134,-0.503739,8.84189,73.5908,-0.604487,7.23639],