{"metadata":{"version":3,"vertices":273,"generator":"io_three","faces":272,"uvs":1,"materials":1,"normals":2,"type":"Geometry"},"vertices":[11.547,0.144634,-2.49342,11.6081,0.144634,-2.49042,11.6691,0.144634,-2.48705,11.7301,0.144634,-2.48292,11.791,0.144634,-2.47768,11.8517,0.144634,-2.47095,11.9123,0.144634,-2.46272,11.9726,0.144634,-2.45302,12.0327,0.144634,-2.44183,12.0924,0.144634,-2.42918,12.1519,0.144634,-2.41506,12.211,0.144634,-2.39948,12.2697,0.144634,-2.38247,12.3279,0.144634,-2.36401,12.3857,0.144634,-2.34413,12.443,0.144634,-2.32284,12.4997,0.144634,-2.30016,12.5559,0.144634,-2.27608,12.6114,0.144634,-2.25063,12.6663,0.144634,-2.22383,12.7206,0.144634,-2.19569,12.7741,0.144634,-2.16623,12.8269,0.144634,-2.13546,12.8789,0.144634,-2.10341,12.9301,0.144634,-2.07009,12.9805,0.144634,-2.03552,13.03,0.144634,-1.99972,13.0787,0.144634,-1.96272,13.1264,0.144634,-1.92454,13.1731,0.144634,-1.8852,13.2189,0.144634,-1.84472,13.2637,0.144634,-1.80314,13.3074,0.144634,-1.76046,13.3501,0.144634,-1.71673,13.3917,0.144634,-1.67196,13.4321,0.144634,-1.62618,13.4715,0.144634,-1.57943,13.5097,0.144634,-1.53172,13.5467,0.144634,-1.48309,13.5825,0.144634,-1.43357,13.617,0.144634,-1.38319,13.6504,0.144634,-1.33197,13.6824,0.144634,-1.27995,13.7132,0.144634,-1.22715,13.7426,0.144634,-1.17362,13.7708,0.144634,-1.11938,13.7976,0.144634,-1.06447,13.823,0.144634,-1.00892,13.8471,0.144634,-0.952756,13.8698,0.144634,-0.89602,13.8911,0.144634,-0.838744,13.911,0.144634,-0.780964,13.9294,0.144634,-0.722713,13.9464,0.144634,-0.664026,13.962,0.144634,-0.60494,13.9761,0.144634,-0.545489,13.9888,0.144634,-0.48571,14,0.144634,-0.425638,14.0097,0.144634,-0.36531,14.0179,0.144634,-0.304762,14.0246,0.144634,-0.24403,14.0299,0.144634,-0.183151,14.0337,0.144634,-0.124071,14.036,0.144634,-0.0618754,11.547,0.144634,-2.8613,11.1651,0.144634,-2.8613,11.1651,0.144634,-3.24494,-11.547,0.144634,-2.49342,-11.6081,0.144634,-2.49042,-11.6691,0.144634,-2.48705,-11.7301,0.144634,-2.48292,-11.791,0.144634,-2.47768,-11.8517,0.144634,-2.47095,-11.9123,0.144634,-2.46272,-11.9726,0.144634,-2.45302,-12.0327,0.144634,-2.44183,-12.0924,0.144634,-2.42918,-12.1519,0.144634,-2.41506,-12.211,0.144634,-2.39948,-12.2697,0.144634,-2.38247,-12.3279,0.144634,-2.36401,-12.3857,0.144634,-2.34413,-12.443,0.144634,-2.32284,-12.4997,0.144634,-2.30016,-12.5559,0.144634,-2.27608,-12.6114,0.144634,-2.25063,-12.6663,0.144634,-2.22383,-12.7206,0.144634,-2.19569,-12.7741,0.144634,-2.16623,-12.8269,0.144634,-2.13546,-12.8789,0.144634,-2.10341,-12.9301,0.144634,-2.07009,-12.9805,0.144634,-2.03552,-13.03,0.144634,-1.99972,-13.0787,0.144634,-1.96272,-13.1264,0.144634,-1.92454,-13.1731,0.144634,-1.8852,-13.2189,0.144634,-1.84472,-13.2637,0.144634,-1.80314,-13.3074,0.144634,-1.76046,-13.3501,0.144634,-1.71673,-13.3917,0.144634,-1.67196,-13.4321,0.144634,-1.62618,-13.4715,0.144634,-1.57943,-13.5097,0.144634,-1.53172,-13.5467,0.144634,-1.48309,-13.5825,0.144634,-1.43357,-13.617,0.144634,-1.38319,-13.6504,0.144634,-1.33197,-13.6824,0.144634,-1.27995,-13.7132,0.144634,-1.22715,-13.7426,0.144634,-1.17362,-13.7708,0.144634,-1.11938,-13.7976,0.144634,-1.06447,-13.823,0.144634,-1.00892,-13.8471,0.144634,-0.952756,-13.8698,0.144634,-0.89602,-13.8911,0.144634,-0.838744,-13.911,0.144634,-0.780964,-13.9294,0.144634,-0.722713,-13.9464,0.144634,-0.664026,-13.962,0.144634,-0.60494,-13.9761,0.144634,-0.545489,-13.9888,0.144634,-0.48571,-14,0.144634,-0.425638,-14.0097,0.144634,-0.36531,-14.0179,0.144634,-0.304762,-14.0246,0.144634,-0.24403,-14.0299,0.144634,-0.183151,-14.0337,0.144634,-0.124071,-14.036,0.144634,-0.0618754,-11.547,0.144634,-2.8613,-11.1651,0.144634,-2.8613,-11.1651,0.144634,-3.24494,0,0.144634,-3.24494,11.547,0.144634,2.49342,11.6081,0.144634,2.49042,11.6691,0.144634,2.48705,11.7301,0.144634,2.48292,11.791,0.144634,2.47768,11.8517,0.144634,2.47095,11.9123,0.144634,2.46272,11.9726,0.144634,2.45302,12.0327,0.144634,2.44183,12.0924,0.144634,2.42918,12.1519,0.144634,2.41506,12.211,0.144634,2.39948,12.2697,0.144634,2.38247,12.3279,0.144634,2.36401,12.3857,0.144634,2.34413,12.443,0.144634,2.32284,12.4997,0.144634,2.30016,12.5559,0.144634,2.27608,12.6114,0.144634,2.25063,12.6663,0.144634,2.22383,12.7206,0.144634,2.19569,12.7741,0.144634,2.16623,12.8269,0.144634,2.13546,12.8789,0.144634,2.10341,12.9301,0.144634,2.07009,12.9805,0.144634,2.03552,13.03,0.144634,1.99972,13.0787,0.144634,1.96272,13.1264,0.144634,1.92454,13.1731,0.144634,1.8852,13.2189,0.144634,1.84472,13.2637,0.144634,1.80314,13.3074,0.144634,1.76046,13.3501,0.144634,1.71673,13.3917,0.144634,1.67196,13.4321,0.144634,1.62618,13.4715,0.144634,1.57943,13.5097,0.144634,1.53172,13.5467,0.144634,1.48309,13.5825,0.144634,1.43357,13.617,0.144634,1.38319,13.6504,0.144634,1.33197,13.6824,0.144634,1.27995,13.7132,0.144634,1.22715,13.7426,0.144634,1.17362,13.7708,0.144634,1.11938,13.7976,0.144634,1.06447,13.823,0.144634,1.00892,13.8471,0.144634,0.952756,13.8698,0.144634,0.89602,13.8911,0.144634,0.838744,13.911,0.144634,0.780964,13.9294,0.144634,0.722713,13.9464,0.144634,0.664026,13.962,0.144634,0.60494,13.9761,0.144634,0.545489,13.9888,0.144634,0.48571,14,0.144634,0.425638,14.0097,0.144634,0.36531,14.0179,0.144634,0.304762,14.0246,0.144634,0.24403,14.0299,0.144634,0.183151,14.0337,0.144634,0.124071,14.036,0.144634,0.0618754,14.036,0.144634,-6.32216e-09,11.547,0.144634,2.8613,11.1651,0.144634,2.8613,11.1651,0.144634,3.24494,-11.547,0.144634,2.49342,-11.6081,0.144634,2.49042,-11.6691,0.144634,2.48705,-11.7301,0.144634,2.48292,-11.791,0.144634,2.47768,-11.8517,0.144634,2.47095,-11.9123,0.144634,2.46272,-11.9726,0.144634,2.45302,-12.0327,0.144634,2.44183,-12.0924,0.144634,2.42918,-12.1519,0.144634,2.41506,-12.211,0.144634,2.39948,-12.2697,0.144634,2.38247,-12.3279,0.144634,2.36401,-12.3857,0.144634,2.34413,-12.443,0.144634,2.32284,-12.4997,0.144634,2.30016,-12.5559,0.144634,2.27608,-12.6114,0.144634,2.25063,-12.6663,0.144634,2.22383,-12.7206,0.144634,2.19569,-12.7741,0.144634,2.16623,-12.8269,0.144634,2.13546,-12.8789,0.144634,2.10341,-12.9301,0.144634,2.07009,-12.9805,0.144634,2.03552,-13.03,0.144634,1.99972,-13.0787,0.144634,1.96272,-13.1264,0.144634,1.92454,-13.1731,0.144634,1.8852,-13.2189,0.144634,1.84472,-13.2637,0.144634,1.80314,-13.3074,0.144634,1.76046,-13.3501,0.144634,1.71673,-13.3917,0.144634,1.67196,-13.4321,0.144634,1.62618,-13.4715,0.144634,1.57943,-13.5097,0.144634,1.53172,-13.5467,0.144634,1.48309,-13.5825,0.144634,1.43357,-13.617,0.144634,1.38319,-13.6504,0.144634,1.33197,-13.6824,0.144634,1.27995,-13.7132,0.144634,1.22715,-13.7426,0.144634,1.17362,-13.7708,0.144634,1.11938,-13.7976,0.144634,1.06447,-13.823,0.144634,1.00892,-13.8471,0.144634,0.952756,-13.8698,0.144634,0.89602,-13.8911,0.144634,0.838744,-13.911,0.144634,0.780964,-13.9294,0.144634,0.722713,-13.9464,0.144634,0.664026,-13.962,0.144634,0.60494,-13.9761,0.144634,0.545489,-13.9888,0.144634,0.48571,-14,0.144634,0.425638,-14.0097,0.144634,0.36531,-14.0179,0.144634,0.304762,-14.0246,0.144634,0.24403,-14.0299,0.144634,0.183151,-14.0337,0.144634,0.124071,-14.036,0.144634,0.0618754,-14.036,0.144634,-6.32216e-09,-11.547,0.144634,2.8613,-11.1651,0.144634,2.8613,-11.1651,0.144634,3.24494,0,0.144634,3.24494,0,0.144634,-6.32216e-09],"normals":[0,0.999969,0,0,1,0],