{"metadata":{"version":3,"vertices":40,"generator":"io_three","faces":37,"uvs":1,"materials":1,"normals":40,"type":"Geometry"},"vertices":[2.5,1.08751e-07,2.48793,2.48793,1.09278e-07,2.5,2.49646,1.09124e-07,2.49646,2.5,0.0426407,2.48793,2.48793,0.0547101,2.48793,2.48793,0.0426407,2.5,2.49646,0.051175,2.48793,2.4949,0.049609,2.4949,2.48793,0.051175,2.49646,2.49646,0.0426407,2.49646,-2.48793,1.09278e-07,2.5,-2.5,1.08751e-07,2.48793,-2.49646,1.09124e-07,2.49646,-2.48793,0.0547101,2.48793,-2.5,0.0426407,2.48793,-2.48793,0.0426407,2.5,-2.49646,0.051175,2.48793,-2.4949,0.049609,2.4949,-2.49646,0.0426407,2.49646,-2.48793,0.051175,2.49646,2.48793,-1.09278e-07,-2.5,2.5,-1.08751e-07,-2.48793,2.49646,-1.09124e-07,-2.49646,2.48793,0.0547099,-2.48793,2.5,0.0426405,-2.48793,2.48793,0.0426405,-2.5,2.49646,0.0511748,-2.48793,2.4949,0.0496087,-2.4949,2.49646,0.0426405,-2.49646,2.48793,0.0511748,-2.49646,-2.5,-1.08751e-07,-2.48793,-2.48793,-1.09278e-07,-2.5,-2.49646,-1.09124e-07,-2.49646,-2.48793,0.0547099,-2.48793,-2.48793,0.0426405,-2.5,-2.5,0.0426405,-2.48793,-2.48793,0.0511748,-2.49646,-2.4949,0.0496087,-2.4949,-2.49646,0.0426405,-2.49646,-2.49646,0.0511748,-2.48793],"normals":[0.980773,0,0.195105,0.980773,0,-0.195105,0.967284,0.179357,-0.179357,0.967284,0.179357,0.179357,-0.179357,0.179357,-0.967284,0.179357,0.179357,-0.967284,0.195105,0,-0.980773,-0.195074,0,-0.980773,0.179357,0.967284,-0.179357,-0.179357,0.967284,-0.179357,-0.179357,0.967284,0.179357,0.179357,0.967284,0.179357,-0.967284,0.179357,0.179357,-0.967284,0.179357,-0.179357,-0.980773,0,-0.195074,-0.980773,0,0.195105,0.703696,0.69219,0.160161,0.577258,0.577471,0.577258,0.696493,0.172552,0.696493,0.160161,0.69216,0.703696,0.179357,0.179357,0.967284,-0.703696,0.69219,0.160161,-0.577258,0.577471,0.577258,-0.696493,0.172552,0.696493,-0.179357,0.179357,0.967284,-0.160161,0.69216,0.703696,0.703696,0.69219,-0.160161,0.577258,0.577471,-0.577258,0.696493,0.172552,-0.696493,0.160161,0.69216,-0.703696,-0.160161,0.69216,-0.703726,-0.577258,0.577471,-0.577258,-0.696493,0.172552,-0.696493,-0.703696,0.69216,-0.160161,0.707083,0,0.707083,0.195105,0,0.980773,-0.707083,0,0.707083,-0.195105,0,0.980773,-0.707083,0,-0.707083,0.707083,0,-0.707083],"faces":[43,0,21,24,3,0,2,3,0,1,0,1,2,3,43,34,25,20,31,0,4,5,6,7,4,5,6,7,43,23,33,13,4,0,8,9,10,11,8,9,10,11,43,14,35,30,11,0,12,13,14,15,12,13,14,15,43,3,6,7,9,0,1,16,17,18,3,16,17,18,42,4,8,7,0,11,19,20,11,19,17,43,5,9,7,8,0,21,22,20,19,20,18,17,19,42,13,16,17,0,10,23,24,10,21,22,43,14,18,17,16,0,12,25,24,23,12,23,22,21,43,15,19,17,18,0,26,27,28,29,24,25,22,23,42,23,26,27,0,8,30,31,8,26,27,43,24,28,27,26,0,0,32,31,30,2,28,27,26,43,25,29,27,28,0,5,33,34,35,5,29,27,28,42,33,36,37,0,9,36,37,9,30,31,43,34,38,37,36,0,4,38,37,36,4,32,31,30,43,35,39,37,38,0,13,39,40,41,13,33,31,32,43,0,3,9,2,0,2,1,18,42,0,3,18,34,43,2,9,5,1,0,43,22,21,44,34,18,20,35,43,4,13,19,8,0,11,10,27,19,11,10,25,19,43,8,19,15,5,0,19,27,26,21,19,25,24,20,43,14,11,12,18,0,12,15,45,25,12,15,36,23,43,18,12,10,15,0,29,46,47,26,23,36,37,24,43,13,33,39,16,0,10,9,39,23,10,9,33,21,43,16,39,35,14,0,23,39,13,12,21,33,13,12,43,34,31,32,38,0,4,7,48,38,4,7,38,32,43,38,32,30,35,0,41,49,14,13,32,38,14,13,43,33,23,29,36,0,9,8,33,36,9,8,29,30,43,36,29,25,34,0,36,33,5,4,30,29,5,4,43,24,21,22,28,0,0,3,50,32,2,1,39,28,43,28,22,20,25,0,35,51,6,5,28,39,6,5,43,23,4,6,26,0,8,11,16,30,8,11,16,26,43,26,6,3,24,0,30,16,1,0,26,16,3,2,43,5,15,10,1,0,21,26,47,44,20,24,37,35,42,17,19,13,0,28,27,10,22,25,10,42,7,6,4,0,17,16,11,17,16,11,42,37,39,33,0,40,39,9,31,33,9,42,27,29,23,0,34,33,8,27,29,8],"uvs":[[0.991543,0.987812,0.99151,0.0121251,0.999874,0.0120993,0.9999,0.987837,0.0121574,0.991515,0.987847,0.991504,0.987873,0.999867,0.0121324,0.99987,0.987965,0.98793,0.0120416,0.987961,0.0120109,0.0120374,0.987935,0.0120069,0.00845599,0.0121532,0.00846753,0.987843,0.000104174,0.987868,9.99785e-05,0.0121282,0.989745,0.0121098,0.989847,0.010658,0.99138,0.0103042,0.987834,0.0102229,0.989269,0.0101255,0.987816,0.0084814,0.989626,0.00860855,0.0102006,0.0121382,0.0101043,0.0106929,0.00858232,0.0103394,0.0121292,0.00846329,0.0121139,0.0102272,0.0106624,0.0101259,0.0103086,0.00859243,0.989778,0.987827,0.989879,0.98928,0.991414,0.989632,0.987862,0.98974,0.989314,0.989842,0.989668,0.991375,0.0121423,0.98977,0.0106975,0.989867,0.0103439,0.991388,0.0102314,0.987858,0.0101302,0.989309,0.00859672,0.989663,0.999864,0.0102614,0.989677,0.000137688,0.987842,0.000126771,0.000110085,0.0102928,0.0102661,0.000109227,0.0121038,9.99785e-05,0.0102972,0.99986,0.000113518,0.989706,0.999891,0.989674,0.98971,0.999858]],"materials":[{"visible":true,"depthTest":true,"shading":"phong","DbgColor":15658734,"DbgName":"mat_sw_Concrete","doubleSided":false,"DbgIndex":0,"blending":1,"colorDiffuse":[0.64,0.64,0.64],"colorSpecular":[0.5,0.5,0.5],"wireframe":false,"transparent":false,"opacity":1,"depthWrite":true,"specularCoef":50,"colorEmissive":[0,0,0]}]}