{"metadata":{"version":3,"vertices":40,"generator":"io_three","faces":37,"uvs":1,"materials":1,"normals":40,"type":"Geometry"},"vertices":[-1.2072,5.32929e-08,1.2192,-1.2192,5.27684e-08,1.2072,-1.21569,5.31393e-08,1.21569,-1.2072,0.04271,1.2192,-1.2072,0.05471,1.2072,-1.2192,0.04271,1.2072,-1.2072,0.0511953,1.21569,-1.21413,0.0496382,1.21413,-1.21569,0.0511953,1.2072,-1.21569,0.04271,1.21569,-1.2192,-5.27684e-08,-1.2072,-1.2072,-5.32929e-08,-1.2192,-1.21569,-5.31393e-08,-1.21569,-1.2072,0.0547099,-1.2072,-1.2072,0.0427099,-1.2192,-1.2192,0.0427099,-1.2072,-1.2072,0.0511952,-1.21569,-1.21413,0.0496381,-1.21413,-1.21569,0.0427099,-1.21569,-1.21569,0.0511952,-1.2072,1.2192,5.27684e-08,1.2072,1.2072,5.32929e-08,1.2192,1.21569,5.31393e-08,1.21569,1.2072,0.05471,1.2072,1.2072,0.04271,1.2192,1.2192,0.04271,1.2072,1.2072,0.0511953,1.21569,1.21413,0.0496382,1.21413,1.21569,0.04271,1.21569,1.21569,0.0511953,1.2072,1.2072,-5.32929e-08,-1.2192,1.2192,-5.27684e-08,-1.2072,1.21569,-5.31393e-08,-1.21569,1.2072,0.0547099,-1.2072,1.2192,0.0427099,-1.2072,1.2072,0.0427099,-1.2192,1.21569,0.0511952,-1.2072,1.21413,0.0496381,-1.21413,1.21569,0.0427099,-1.21569,1.2072,0.0511952,-1.21569],"normals":[-0.195074,0,0.980773,0.195074,0,0.980773,0.179357,0.179357,0.967284,-0.179357,0.179357,0.967284,0.967284,0.179357,-0.179357,0.967284,0.179357,0.179357,0.980773,0,0.195074,0.980773,0,-0.195074,0.179357,0.967284,0.179357,0.179357,0.967284,-0.179357,-0.179357,0.967284,-0.179357,-0.179357,0.967284,0.179357,-0.179357,0.179357,-0.967284,0.179357,0.179357,-0.967284,0.195074,0,-0.980773,-0.195074,0,-0.980773,-0.160161,0.69216,0.703696,-0.577258,0.577471,0.577258,-0.696493,0.172552,0.696493,-0.703726,0.69216,0.160161,-0.967284,0.179357,0.179357,-0.160161,0.69216,-0.703696,-0.577258,0.577471,-0.577258,-0.696493,0.172552,-0.696493,-0.967284,0.179357,-0.179357,-0.703726,0.69216,-0.160161,0.160161,0.69216,0.703696,0.577258,0.577471,0.577258,0.696493,0.172552,0.696493,0.703726,0.69216,0.160161,0.703726,0.69216,-0.160161,0.577258,0.577471,-0.577258,0.696493,0.172552,-0.696493,0.160161,0.69216,-0.703696,-0.707083,0,0.707083,-0.980773,0,0.195074,-0.707083,0,-0.707083,-0.980773,0,-0.195074,0.707083,0,-0.707083,0.707083,0,0.707083],"faces":[43,0,21,24,3,0,2,3,0,1,0,1,2,3,43,34,25,20,31,0,4,5,6,7,4,5,6,7,43,23,33,13,4,0,8,9,10,11,8,9,10,11,43,14,35,30,11,0,12,13,14,15,12,13,14,15,43,3,6,7,9,0,1,16,17,18,3,16,17,18,42,4,8,7,0,11,19,20,11,19,17,43,5,9,7,8,0,21,22,20,19,20,18,17,19,42,13,16,17,0,10,23,24,10,21,22,43,14,18,17,16,0,12,25,24,23,12,23,22,21,43,15,19,17,18,0,26,27,28,29,24,25,22,23,42,23,26,27,0,8,30,31,8,26,27,43,24,28,27,26,0,0,32,31,30,2,28,27,26,43,25,29,27,28,0,5,33,34,35,5,29,27,28,42,33,36,37,0,9,36,37,9,30,31,43,34,38,37,36,0,4,38,37,36,4,32,31,30,43,35,39,37,38,0,13,39,40,41,13,33,31,32,43,0,3,9,2,0,2,1,18,42,0,3,18,34,43,2,9,5,1,0,43,22,21,44,34,18,20,35,43,4,13,19,8,0,11,10,27,19,11,10,25,19,43,8,19,15,5,0,19,27,26,21,19,25,24,20,43,14,11,12,18,0,12,15,45,25,12,15,36,23,43,18,12,10,15,0,29,46,47,26,23,36,37,24,43,13,33,39,16,0,10,9,39,23,10,9,33,21,43,16,39,35,14,0,23,39,13,12,21,33,13,12,43,34,31,32,38,0,4,7,48,38,4,7,38,32,43,38,32,30,35,0,41,49,14,13,32,38,14,13,43,33,23,29,36,0,9,8,33,36,9,8,29,30,43,36,29,25,34,0,36,33,5,4,30,29,5,4,43,24,21,22,28,0,0,3,50,32,2,1,39,28,43,28,22,20,25,0,35,51,6,5,28,39,6,5,43,23,4,6,26,0,8,11,16,30,8,11,16,26,43,26,6,3,24,0,30,16,1,0,26,16,3,2,43,5,15,10,1,0,21,26,47,44,20,24,37,35,42,27,29,23,0,34,33,8,27,29,8,42,7,6,4,0,17,16,11,17,16,11,42,17,19,13,0,28,27,10,22,25,10,42,37,39,33,0,40,39,9,31,33,9],"uvs":[[0.975685,0.0169432,0.0243195,0.0169339,0.0242688,9.99795e-05,0.975736,0.000104574,0.983059,0.975677,0.983063,0.0243118,0.999897,0.0242608,0.9999,0.975728,0.975922,0.0240752,0.975923,0.975914,0.0240818,0.975914,0.0240828,0.0240752,0.0243185,0.983046,0.975686,0.983055,0.975737,0.999889,0.0242676,0.999885,0.0242888,0.0204583,0.0213884,0.0202556,0.0206818,0.0171917,0.0204709,0.0242807,0.0202693,0.0213833,0.0169508,0.0243119,0.0172083,0.0206754,0.0242872,0.979526,0.0213898,0.979728,0.0206821,0.982789,0.0169364,0.975678,0.0204627,0.975708,0.0202597,0.97861,0.0171944,0.979316,0.975716,0.0204633,0.978614,0.0202616,0.979321,0.0172006,0.979539,0.0242811,0.979741,0.0213807,0.982805,0.0206741,0.979537,0.975708,0.979739,0.978607,0.982801,0.979315,0.975717,0.979531,0.978617,0.979734,0.979324,0.982798,0.0205972,0.000118162,0.000130871,0.0205885,0.000112199,0.0242608,0.0205953,0.999866,0.000118065,0.9794,9.99795e-05,0.975728,0.999882,0.979401,0.979409,0.999871,0.979408,0.000123246,0.999879,0.0205894]],"materials":[{"visible":true,"depthTest":true,"shading":"phong","DbgColor":15658734,"DbgName":"mat_sw_Concrete","doubleSided":false,"DbgIndex":0,"blending":1,"colorDiffuse":[0.64,0.64,0.64],"colorSpecular":[0.5,0.5,0.5],"wireframe":false,"transparent":false,"opacity":1,"depthWrite":true,"specularCoef":50,"colorEmissive":[0,0,0]}]}