{"metadata":{"version":3,"vertices":113,"generator":"io_three","faces":88,"uvs":1,"materials":2,"normals":101,"type":"Geometry"},"vertices":[-0.806137,0.311896,-1.36334e-08,-0.806137,4.58578,-5.23121e-07,0.806136,0.311896,-1.36334e-08,0.806136,4.58578,-5.23121e-07,-3.57628e-07,4.58578,-0.806136,-5.96046e-08,0.311896,-0.806136,-2.98023e-07,4.58578,0.806137,5.96046e-08,0.311896,0.806137,-0.570025,0.311896,0.570025,-0.570025,4.58578,0.570025,0.570024,0.311896,-0.570024,0.570024,4.58578,-0.570024,-0.570024,4.58578,-0.570024,-0.570024,0.311896,-0.570024,0.570025,4.58578,0.570025,0.570025,0.311896,0.570025,-0.543958,-0.0527111,-0.909458,3.72529e-09,-0.0483733,-1.03492,6.51926e-09,0.262082,0.482748,0,0.450191,-1.96785e-08,-0.451978,0.162283,0.45839,-0.473799,0.262082,-1.22709e-08,0.892876,-0.052711,0.546322,1.00615,-0.0483733,1.29956e-09,-0.543958,-0.052711,0.909458,3.72529e-09,-0.0483733,1.03492,7.45058e-09,0.262082,-0.482748,-0.451978,0.162283,-0.45839,0.892876,-0.0527111,-0.546322,-0.892876,-0.0527111,-0.546322,-1.00615,-0.0483733,1.18314e-09,-0.892876,-0.052711,0.546322,0.451978,0.162283,-0.45839,0.543958,-0.052711,0.909458,0.473799,0.262082,-1.23873e-08,0.451978,0.162283,0.45839,0.543958,-0.0527111,-0.909458,0,-0.170719,1.35295,0,-0.170719,-1.35295,-0.287146,-0.0494665,-1.00324,0.287146,-0.0494665,-1.00324,-1.31279,-0.170719,7.46237e-09,1.31279,-0.170719,7.46237e-09,-0.241059,0.236407,0.475392,-0.24116,0.401028,-1.75295e-08,0.241059,0.236407,0.475392,0.24116,0.401028,-1.75295e-08,1.39698e-09,0.401028,0.243844,1.86265e-09,0.401028,-0.243844,-0.977709,-0.0494665,0.287764,-0.977709,-0.0494665,-0.287764,0.467106,0.236407,0.24302,0.467106,0.236407,-0.24302,-0.287146,-0.0494664,1.00324,0.287146,-0.0494664,1.00324,0.464625,0.0597024,0.67077,0.752081,-0.0563624,0.759312,7.45058e-09,0.0931482,0.739412,-0.241059,0.236407,-0.475392,0.241059,0.236407,-0.475392,7.45058e-09,0.0931481,-0.739412,0.464625,0.0597023,-0.67077,0.661295,-0.170719,1.17175,-0.467106,0.236407,0.24302,-0.467106,0.236407,-0.24302,-0.464625,0.0597024,0.67077,-0.464625,0.0597023,-0.67077,-0.658844,0.0597024,-0.468784,1.15102,-0.170719,0.661943,-0.721325,0.0931482,-3.60597e-09,-0.658844,0.0597024,0.468784,0.752081,-0.0563625,-0.759312,-0.661295,-0.170719,-1.17175,0.977709,-0.0494665,0.287764,0.977709,-0.0494665,-0.287764,1.15102,-0.170719,-0.661943,-0.752081,-0.0563625,-0.759312,0.658844,0.0597024,-0.468784,0.661295,-0.170719,-1.17175,0.721325,0.0931482,-3.60597e-09,0.658844,0.0597024,0.468784,-1.15102,-0.170719,-0.661943,-0.661295,-0.170719,1.17175,-1.15102,-0.170719,0.661943,-0.752081,-0.0563624,0.759312,-0.946283,-0.170719,0.952761,0.946283,-0.170719,0.952761,-0.946283,-0.170719,-0.952761,0.946283,-0.170719,-0.952761,-0.333333,-0.170719,1.30741,0.333333,-0.170719,1.30741,0.333333,-0.170719,-1.30741,-0.333333,-0.170719,-1.30741,-1.27243,-0.170719,-0.333333,-1.27243,-0.170719,0.333333,1.27243,-0.170719,0.333333,1.27243,-0.170719,-0.333333,-0.240736,0.358126,0.243232,-0.240736,0.358126,-0.243232,0.240736,0.358126,0.243232,0.240736,0.358126,-0.243232,-0.253316,0.0847811,0.720814,0.253316,0.0847811,0.720814,-0.253316,0.0847811,-0.720814,0.253316,0.0847811,-0.720814,-0.704364,0.0847811,0.254587,-0.704364,0.0847811,-0.254587,-0.62134,0.0244466,0.628888,-0.621341,0.0244466,-0.628888,0.704364,0.0847811,0.254587,0.704364,0.0847811,-0.254587,0.62134,0.0244466,0.628888,0.62134,0.0244466,-0.628888],"normals":[0,1.19209e-07,1,1,7.67043e-08,-5.5454e-08,0.707107,1.03801e-07,0.707107,0.707107,6.05503e-08,-0.707107,-0.145207,0.879269,-0.453627,-0.103519,0.918546,-0.381481,-0.20307,0.916959,-0.343364,-0.265908,0.884548,-0.38316,-0.0911283,0.929868,-0.356365,-0.186926,0.925047,-0.330638,-0.277993,0.922575,-0.267464,-0.288766,0.91644,-0.276955,0,0.8764,-0.481521,0,0.919553,-0.392926,0.145207,0.879269,-0.453627,0.103519,0.918546,-0.381481,0.0911283,0.929868,-0.356365,0,0.93234,-0.361553,0.319987,0.896237,0.307077,0.288766,0.91644,0.276955,0.354808,0.914975,0.192022,0.396069,0.88226,0.254402,0,0.8764,0.481521,0,0.860073,0.510147,-0.221809,0.856166,0.466628,-0.145207,0.879269,0.453627,0.145207,0.879269,0.453627,0.221809,0.856166,0.466628,0.303598,0.905179,0.297342,0,0.942503,0.334117,-0.303598,0.905179,0.297342,0,1,0,-0.340068,0.940367,0,0.340068,0.940367,0,0.303598,0.905179,-0.297342,0,0.942503,-0.334117,-0.303598,0.905179,-0.297342,-0.265908,0.884548,0.38316,-0.375317,0.852809,0.363079,-0.396069,0.88226,0.254402,-0.319987,0.896237,0.307077,-0.478469,0.851314,0.215155,-0.46672,0.873409,0.13889,-0.521744,0.853084,0,-0.494797,0.868984,0,-0.478469,0.851314,-0.215155,-0.46672,0.873409,-0.13889,0.277993,0.922575,0.267464,0.341258,0.923124,0.177007,0.367351,0.926176,0.0851161,0.39317,0.914335,0.0968658,0.46672,0.873409,0.13889,0.404889,0.914335,0,0.494797,0.868984,0,0.372631,0.927946,0,0.367351,0.926176,-0.0851161,0.39317,0.914335,-0.0968658,0.46672,0.873409,-0.13889,-0.288766,0.91644,0.276955,-0.277993,0.922575,0.267464,-0.186926,0.925047,0.330638,-0.20307,0.916959,0.343364,-0.0911283,0.929868,0.356365,-0.103519,0.918546,0.381481,0,0.93234,0.361553,0,0.919553,0.392926,0.0911283,0.929868,0.356365,0.103519,0.918546,0.381481,0.354808,0.914975,-0.192022,0.396069,0.88226,-0.254402,0,0.860073,-0.510147,-0.221809,0.856166,-0.466628,0.221809,0.856166,-0.466628,-0.375317,0.852809,-0.363079,-0.396069,0.88226,-0.254402,-0.319987,0.896237,-0.307077,0.341258,0.923124,-0.177007,0.277993,0.922575,-0.267464,0.288766,0.91644,-0.276955,0.319987,0.896237,-0.307077,-0.341258,0.923124,-0.177007,-0.367351,0.926176,-0.0851161,-0.39317,0.914335,-0.0968658,-0.354808,0.914975,-0.192022,-0.372631,0.927946,0,-0.367351,0.926176,0.0851161,-0.39317,0.914335,0.0968658,-0.404889,0.914335,0,-0.341258,0.923124,0.177007,-0.354808,0.914975,0.192022,0.186926,0.925047,0.330638,0.20307,0.916959,0.343364,0.478469,0.851314,-0.215155,0.375317,0.852809,-0.363079,0.265908,0.884548,-0.38316,0.265908,0.884548,0.38316,0.20307,0.916959,-0.343364,0.478469,0.851314,0.215155,0.521744,0.853084,0,0.375317,0.852809,0.363079,0.186926,0.925047,-0.330638],