{"uvs":[[0.854329,0.867705,0.87576,0.846419,0.781824,0.751842,0.760393,0.773128,0.752485,0.780982,0.773771,0.802414,0.781679,0.794559,0.854329,0.867705,0.846421,0.87556,0.867129,0.837729,0.8462,0.858517,0.854831,0.867207,0.801054,0.771203,0.780124,0.791991,0.760895,0.77263]],"faces":[43,0,2,14,12,0,2,3,0,1,0,0,0,0,43,0,1,3,2,0,3,4,5,6,1,1,1,1,43,1,0,12,13,0,4,3,7,8,2,2,2,2,43,13,15,3,1,0,1,0,3,2,3,3,3,3,43,6,7,11,10,0,9,10,11,1,4,4,4,4,43,8,10,11,9,0,2,12,13,14,5,5,5,5,43,6,4,5,7,0,12,2,14,13,6,6,6,6,43,8,9,5,4,0,1,11,10,9,7,7,7,7,43,12,14,15,13,0,3,6,5,4,8,8,8,8,43,18,22,23,19,0,1,9,10,11,4,4,4,4,43,20,21,23,22,0,2,14,13,12,9,9,9,9,43,18,19,17,16,0,12,13,14,2,5,5,5,5,43,20,16,17,21,0,9,1,11,10,7,7,7,7,43,15,14,2,3,0,8,7,3,4,10,10,10,10],"materials":[{"colorEmissive":[0,0,0],"depthWrite":true,"blending":1,"specularCoef":50,"DbgName":"mat_Marble","DbgIndex":0,"DbgColor":15658734,"colorSpecular":[0.5,0.5,0.5],"opacity":1,"transparent":false,"wireframe":false,"shading":"phong","depthTest":true,"colorDiffuse":[0.64,0.64,0.64],"doubleSided":false,"visible":true}],"normals":[-0,-1,0,-1,0,0,0,0,1,-0,1,0,0,-4.06033e-08,-1,1,0,0,-1,-0,0,0,4.06033e-08,1,1,0,0,-1,0,0,0,0,-1],"metadata":{"uvs":1,"version":3,"materials":1,"normals":11,"vertices":24,"faces":14,"type":"Geometry","generator":"io_three"},"vertices":[-0.829193,0.348432,0.187894,-0.829193,0.487097,0.187894,-0.829193,0.348432,-0.187895,-0.829193,0.487097,-0.187895,-0.691891,7.41966e-09,0.169742,-0.691891,0.366994,0.169742,-0.691891,-7.41973e-09,-0.169744,-0.691891,0.366994,-0.169744,-0.539512,7.41966e-09,0.169742,-0.539512,0.366994,0.169742,-0.539512,-7.41973e-09,-0.169744,-0.539512,0.366994,-0.169744,0.829193,0.348432,0.187894,0.829193,0.487097,0.187894,0.829193,0.348432,-0.187895,0.829193,0.487097,-0.187895,0.691891,7.41966e-09,0.169742,0.691891,0.366994,0.169742,0.691891,-7.41973e-09,-0.169744,0.691891,0.366994,-0.169744,0.539512,7.41966e-09,0.169742,0.539512,0.366994,0.169742,0.539512,-7.41973e-09,-0.169744,0.539512,0.366994,-0.169744]}