{"uvs":[[-20.7297,-17.3255,-20.7867,-19.3189,-2.79022,-14.6445,-20.7179,-21.6916,-20.4586,-23.6544,-19.9557,-25.5355,-19.1258,-27.2771,-18.1582,-28.7214,-16.0554,-3.03245,-17.6153,-5.39622,-6.71656,-11.0186,-16.956,-29.9841,-18.3896,-6.73615,-19.0718,-8.37256,-19.6187,-9.9597,-20.063,-11.6873,-20.3485,-13.3546,-20.53,-15.197,14.7891,12.2691,12.5314,14.354,18.7155,8.64317,21.387,11.5361,20.9227,11.9285,15.0819,12.4401,15.715,12.7139,15.3837,12.5892,16.08,12.8263,16.4128,12.896,16.7645,12.9627,17.1133,13.0104,17.4897,13.0253,17.8598,13.0098,18.2109,12.9973,18.5756,12.9288,18.9406,12.8527,19.3179,12.7489,19.6937,12.6055,20.0484,12.4424,20.4415,12.2352,23.3026,17.7519,22.4255,14.7314,23.0253,14.6906,24.4334,17.5959,19.4698,14.7823,20.4062,11.5993,21.3423,11.4877,20.6262,14.8537,23.625,14.6498,21.6858,11.8597,21.7545,11.9341,24.2248,14.609,29.8444,23.6581,27.5034,20.23,29.1653,19.9589,31.5904,22.5849,25.5642,17.4399,26.695,17.284,16.6937,24.6876,17.5972,21.1483,19.194,21.5857,18.4779,24.9517,18.5335,17.9653,19.9101,18.2197,-15.7473,-2.67892,22.1718,17.9078,21.8257,14.7722,21.0409,18.0638,21.226,14.813,8.01604,18.5238,5.75834,20.6088,10.2737,16.4389,20.8559,21.3146,22.5178,21.0435,24.1796,20.7723,25.8415,20.5012,20.7989,25.1359,23.1048,25.1467,25.4599,24.9491,27.6523,24.4967,21.411,11.5621,21.4797,11.6365,21.5484,11.7109,21.6171,11.7853,13.6878,14.4254,11.6504,16.6933,14.8442,14.4968,13.027,16.9477,16.0006,14.5682,14.4036,17.2021,17.157,14.6396,15.7802,17.4565,18.3134,14.711,17.1569,17.7109,9.61287,18.9613,11.2097,19.3987,12.8066,19.8361,14.4034,20.2735,16.0003,20.7109,7.52553,21.378,9.1575,22.3083,10.872,23.1382,12.9142,23.865,14.8178,24.3632,15.7253,12.1574,16.6615,12.0458,17.5976,11.9342,18.5338,11.8226,19.47,11.711]],"faces":[42,9,10,110,0,0,1,2,0,0,0,42,10,11,110,0,1,3,2,1,1,1,42,11,12,110,0,3,4,2,2,2,2,42,12,13,110,0,4,5,2,3,3,3,42,13,14,110,0,5,6,2,4,4,4,42,14,15,110,0,6,7,2,5,5,5,43,1,2,110,17,0,8,9,2,10,6,6,6,6,42,15,109,110,0,7,11,2,7,7,7,42,2,3,110,0,9,12,2,8,8,8,42,3,4,110,0,12,13,2,9,9,9,42,4,5,110,0,13,14,2,10,10,10,42,5,6,110,0,14,15,2,11,11,11,42,6,7,110,0,15,16,2,12,12,12,42,7,8,110,0,16,17,2,13,13,13,42,8,9,110,0,17,0,2,14,14,14,42,17,18,44,0,10,18,19,7,7,7,42,112,115,35,0,20,21,22,15,15,15,42,18,112,19,0,18,20,23,16,16,16,42,112,21,20,0,20,24,25,17,17,17,42,112,22,21,0,20,26,24,18,18,18,42,112,23,22,0,20,27,26,19,19,19,42,112,24,23,0,20,28,27,20,20,20,42,112,25,24,0,20,29,28,21,21,21,42,112,26,25,0,20,30,29,22,22,22,42,112,27,26,0,20,31,30,23,23,23,42,112,28,27,0,20,32,31,24,24,24,42,112,29,28,0,20,33,32,25,25,25,42,112,30,29,0,20,34,33,26,26,26,42,112,31,30,0,20,35,34,27,27,27,42,112,32,31,0,20,36,35,28,28,28,42,112,33,32,0,20,37,36,29,29,29,42,112,34,33,0,20,38,37,30,30,30,42,112,35,34,0,20,22,38,7,7,7,42,19,112,20,0,23,20,25,31,31,31,43,17,110,112,18,0,10,2,20,18,28,28,28,28,43,55,60,61,56,0,39,40,41,42,32,32,32,32,43,92,74,134,47,0,43,44,45,46,33,33,33,33,43,62,155,136,151,0,47,48,49,50,34,34,34,34,43,41,52,149,135,0,51,52,53,54,35,35,35,35,43,52,57,150,149,0,52,55,56,53,36,36,36,36,43,57,62,151,150,0,55,47,50,56,37,37,37,37,43,63,80,45,36,0,57,58,59,60,38,38,38,38,43,80,86,46,45,0,58,61,62,59,39,39,39,39,43,86,92,47,46,0,61,43,46,62,40,40,40,40,42,0,1,17,0,63,8,10,41,41,41,43,54,59,60,55,0,64,65,40,39,42,42,42,42,43,53,58,59,54,0,66,67,65,64,43,43,43,43,43,0,17,42,16,0,63,10,68,69,15,15,15,15,42,17,43,42,0,10,70,68,44,44,44,42,17,44,43,0,10,19,70,45,45,45,43,46,47,58,53,0,62,46,67,66,46,46,46,46,43,56,61,62,57,0,42,41,47,55,47,47,47,47,43,45,46,53,48,0,59,62,66,71,48,48,48,48,43,48,53,54,49,0,71,66,64,72,49,49,49,49,43,49,54,55,50,0,72,64,39,73,50,50,50,50,43,50,55,56,51,0,73,39,42,74,51,51,51,51,43,51,56,57,52,0,74,42,55,52,52,52,52,52,43,36,45,48,37,0,60,59,71,75,53,53,53,53,43,37,48,49,38,0,75,71,72,76,54,54,54,54,43,38,49,50,39,0,76,72,73,77,55,55,55,55,43,39,50,51,40,0,77,73,74,78,56,56,56,56,43,40,51,52,41,0,78,74,52,51,57,57,57,57,43,47,134,137,58,0,46,45,79,67,58,58,58,58,43,58,137,152,59,0,67,79,80,65,59,59,59,59,43,59,152,153,60,0,65,80,81,40,60,60,60,60,43,60,153,154,61,0,40,81,82,41,61,61,61,61,43,61,154,155,62,0,41,82,48,47,62,62,62,62,43,43,44,87,81,0,70,19,83,84,63,63,63,63,43,81,87,88,82,0,84,83,85,86,64,64,64,64,43,82,88,89,83,0,86,85,87,88,65,65,65,65,43,83,89,90,84,0,88,87,89,90,66,66,66,66,43,84,90,91,85,0,90,89,91,92,67,67,67,67,43,85,91,92,86,0,92,91,43,61,68,68,68,68,43,42,43,81,75,0,68,70,84,93,69,69,69,69,43,75,81,82,76,0,93,84,86,94,70,70,70,70,43,76,82,83,77,0,94,86,88,95,71,71,71,71,43,77,83,84,78,0,95,88,90,96,72,72,72,72,43,78,84,85,79,0,96,90,92,97,73,73,73,73,43,79,85,86,80,0,97,92,61,58,74,74,74,74,43,16,42,75,68,0,69,68,93,98,75,75,75,75,43,68,75,76,67,0,98,93,94,99,76,76,76,76,43,67,76,77,66,0,99,94,95,100,77,77,77,77,43,66,77,78,65,0,100,95,96,101,78,78,78,78,43,65,78,79,64,0,101,96,97,102,79,79,79,79,43,64,79,80,63,0,102,97,58,57,80,80,80,80,43,44,18,69,87,0,19,18,103,83,81,81,81,81,43,87,69,70,88,0,83,103,104,85,82,82,82,82,43,88,70,71,89,0,85,104,105,87,83,83,83,83,43,89,71,72,90,0,87,105,106,89,84,84,84,84,43,90,72,73,91,0,89,106,107,91,85,85,85,85,43,91,73,74,92,0,91,107,44,43,86,86,86,86,42,102,110,103,0,0,2,1,87,87,87,42,103,110,104,0,1,2,3,88,88,88,42,104,110,105,0,3,2,4,89,89,89,42,105,110,106,0,4,2,5,90,90,90,42,106,110,107,0,5,2,6,91,91,91,42,107,110,108,0,6,2,7,92,92,92,43,94,113,110,95,0,8,10,2,9,93,93,93,93,42,108,110,109,0,7,2,11,7,7,7,42,95,110,96,0,9,2,12,94,94,94,42,96,110,97,0,12,2,13,95,95,95,42,97,110,98,0,13,2,14,96,96,96,42,98,110,99,0,14,2,15,97,97,97,42,99,110,100,0,15,2,16,98,98,98,42,100,110,101,0,16,2,17,99,99,99,42,101,110,102,0,17,2,0,100,100,100,42,113,145,114,0,10,19,18,7,7,7,42,112,132,115,0,20,22,21,15,15,15,42,114,116,112,0,18,23,20,101,101,101,42,112,117,118,0,20,25,24,102,102,102,42,112,118,119,0,20,24,26,103,103,103,42,112,119,120,0,20,26,27,104,104,104,42,112,120,121,0,20,27,28,105,105,105,42,112,121,122,0,20,28,29,106,106,106,42,112,122,123,0,20,29,30,107,107,107,42,112,123,124,0,20,30,31,108,108,108,42,112,124,125,0,20,31,32,109,109,109,42,112,125,126,0,20,32,33,110,110,110,42,112,126,127,0,20,33,34,111,111,111,42,112,127,128,0,20,34,35,112,112,112,42,112,128,129,0,20,35,36,113,113,113,42,112,129,130,0,20,36,37,114,114,114,42,112,130,131,0,20,37,38,115,115,115,42,112,131,132,0,20,38,22,116,116,116,42,116,117,112,0,23,25,20,117,117,117,43,113,114,112,110,0,10,18,20,2,28,28,28,28,43,163,164,169,168,0,39,42,41,40,118,118,118,118,43,200,148,134,182,0,43,46,45,44,119,119,119,119,43,170,151,136,155,0,47,50,49,48,34,34,34,34,43,142,135,149,160,0,51,54,53,52,120,120,120,120,43,160,149,150,165,0,52,53,56,55,121,121,121,121,43,165,150,151,170,0,55,56,50,47,122,122,122,122,43,171,133,146,188,0,57,60,59,58,123,123,123,123,43,188,146,147,194,0,58,59,62,61,124,124,124,124,43,194,147,148,200,0,61,62,46,43,125,125,125,125,42,93,113,94,0,63,10,8,28,28,28,43,162,163,168,167,0,64,39,40,65,126,126,126,126,43,161,162,167,166,0,66,64,65,67,127,127,127,127,43,93,111,143,113,0,63,69,68,10,15,15,15,15,42,113,143,144,0,10,68,70,128,128,128,42,113,144,145,0,10,70,19,129,129,129,43,147,161,166,148,0,62,66,67,46,130,130,130,130,43,164,165,170,169,0,42,55,47,41,47,47,47,47,43,146,156,161,147,0,59,71,66,62,131,131,131,131,43,156,157,162,161,0,71,72,64,66,132,132,132,132,43,157,158,163,162,0,72,73,39,64,133,133,133,133,43,158,159,164,163,0,73,74,42,39,51,51,51,51,43,159,160,165,164,0,74,52,55,42,134,134,134,134,43,133,138,156,146,0,60,75,71,59,135,135,135,135,43,138,139,157,156,0,75,76,72,71,136,136,136,136,43,139,140,158,157,0,76,77,73,72,137,137,137,137,43,140,141,159,158,0,77,78,74,73,138,138,138,138,43,141,142,160,159,0,78,51,52,74,139,139,139,139,43,148,166,137,134,0,46,67,79,45,140,140,140,140,43,166,167,152,137,0,67,65,80,79,141,141,141,141,43,167,168,153,152,0,65,40,81,80,142,142,142,142,43,168,169,154,153,0,40,41,82,81,143,143,143,143,43,169,170,155,154,0,41,47,48,82,144,144,144,144,43,144,189,195,145,0,70,84,83,19,145,145,145,145,43,189,190,196,195,0,84,86,85,83,146,146,146,