{"uvs":[[0.772185,0.215662,0.75944,0.215662,0.75944,0.126635,0.772185,0.126635,0.711959,0.215662,0.711959,0.126636,0.699213,0.215662,0.699213,0.126636,0.651732,0.215662,0.651732,0.126635,0.651668,0.228427,0.651668,0.215665,0.699212,0.215665,0.699212,0.228427]],"faces":[43,2,0,1,3,0,2,3,0,1,0,0,0,0,43,3,7,6,2,0,1,4,5,2,1,1,1,1,43,7,5,4,6,0,4,6,7,5,2,2,2,2,43,0,4,5,1,0,9,7,6,8,3,3,3,3,43,5,7,3,1,0,10,11,12,13,4,4,4,4],"materials":[{"colorEmissive":[0,0,0],"depthWrite":true,"blending":1,"specularCoef":50,"DbgName":"mat_ring_SandstoneLayering","DbgIndex":0,"DbgColor":15658734,"colorSpecular":[0.5,0.5,0.5],"opacity":1,"transparent":false,"wireframe":false,"shading":"phong","depthTest":true,"colorDiffuse":[0.64,0.64,0.64],"doubleSided":false,"visible":true}],"normals":[0,4.57384e-08,1,-1,-3.9225e-15,-8.57594e-08,0,-4.57384e-08,-1,1,3.9225e-15,8.57594e-08,0,1,0],"metadata":{"uvs":1,"version":3,"materials":1,"normals":5,"vertices":8,"faces":5,"type":"Geometry","generator":"io_three"},"vertices":[0.186567,3.03804e-08,0.695022,0.186567,2.60633,0.695021,-0.186567,3.03804e-08,0.695022,-0.186567,2.60633,0.695021,0.186567,-3.03804e-08,-0.695022,0.186567,2.60633,-0.695022,-0.186567,-3.03804e-08,-0.695022,-0.186567,2.60633,-0.695022]}