{"metadata":{"version":3,"vertices":8,"generator":"io_three","faces":5,"uvs":1,"materials":1,"normals":5,"type":"Geometry"},"vertices":[0.186567,3.03804e-08,0.695022,0.186567,2.60633,0.695021,-0.186567,3.03804e-08,0.695022,-0.186567,2.60633,0.695021,0.186567,-3.03804e-08,-0.695022,0.186567,2.60633,-0.695022,-0.186567,-3.03804e-08,-0.695022,-0.186567,2.60633,-0.695022],"normals":[0,4.57384e-08,1,-1,-3.9225e-15,-8.57594e-08,0,-4.57384e-08,-1,1,3.9225e-15,8.57594e-08,0,1,0],"faces":[43,2,0,1,3,0,2,3,0,1,0,0,0,0,43,3,7,6,2,0,1,4,5,2,1,1,1,1,43,7,5,4,6,0,4,6,7,5,2,2,2,2,43,0,4,5,1,0,9,7,6,8,3,3,3,3,43,5,7,3,1,0,6,4,10,11,4,4,4,4],"uvs":[[0.882317,0.652145,0.788966,0.652145,0.788966,9.39584e-05,0.882316,9.39179e-05,0.441205,0.652145,0.441205,9.40395e-05,0.347855,0.652145,0.347855,9.40395e-05,9.39179e-05,0.652145,9.40395e-05,9.39584e-05,0.441205,0.999906,0.347855,0.999906]],"materials":[{"visible":true,"depthTest":true,"shading":"phong","DbgColor":15658734,"DbgName":"mat_ring_SandstoneLayering","doubleSided":false,"DbgIndex":0,"blending":1,"colorDiffuse":[0.64,0.64,0.64],"colorSpecular":[0.5,0.5,0.5],"wireframe":false,"transparent":false,"opacity":1,"depthWrite":true,"specularCoef":50,"colorEmissive":[0,0,0]}]}