{"uvs":[[0.975448,0.962786,0.974658,0.0338469,0.991094,0.0337834,0.991891,0.962821,0.0393199,0.970793,0.968257,0.969995,0.968324,0.986434,0.0392847,0.987236,0.968484,0.963024,0.0390824,0.963825,0.038282,0.0344204,0.967683,0.0336216,0.0313182,0.034659,0.0321101,0.963599,0.0156718,0.963662,0.0148766,0.0346226,0.971215,0.0338211,0.97141,0.0309871,0.974402,0.0302954,0.96748,0.0300952,0.970308,0.0298957,0.967446,0.0266583,0.970998,0.026907,0.0347563,0.0346255,0.0345565,0.0317948,0.0315676,0.031107,0.0385081,0.027444,0.0384814,0.0308871,0.0356467,0.0306913,0.0349562,0.0276985,0.972012,0.96282,0.972211,0.965648,0.9752,0.966337,0.968286,0.966555,0.971118,0.96675,0.971811,0.969741,0.0392856,0.967353,0.0364557,0.967553,0.0357695,0.970544,0.0355506,0.963627,0.035356,0.966457,0.0323642,0.967152,0.991074,0.0301988,0.971069,0.0102322,0.967482,0.0102165,0.0148928,0.0310365,0.0348586,0.0110255,0.0384438,0.0110033,0.0356971,0.98722,0.0156932,0.967248,0.991874,0.966408,0.971908,0.986411]],"faces":[43,0,21,24,3,0,2,3,0,1,0,1,2,3,43,34,25,20,31,0,4,5,6,7,4,5,6,7,43,23,33,13,4,0,8,9,10,11,8,9,10,11,43,14,35,30,11,0,12,13,14,15,12,13,14,15,43,3,6,7,9,0,1,16,17,18,3,16,17,18,42,4,8,7,0,11,19,20,11,19,17,43,5,9,7,8,0,21,22,20,19,20,18,17,19,42,13,16,17,0,10,23,24,10,21,22,43,14,18,17,16,0,12,25,24,23,12,23,22,21,43,15,19,17,18,0,26,27,28,29,24,25,22,23,42,23,26,27,0,8,30,31,8,26,27,43,24,28,27,26,0,0,32,31,30,2,28,27,26,43,25,29,27,28,0,5,33,34,35,5,29,27,28,42,33,36,37,0,9,36,37,9,30,31,43,34,38,37,36,0,4,38,37,36,4,32,31,30,43,35,39,37,38,0,13,39,40,41,13,33,31,32,43,0,3,9,2,0,2,1,18,42,0,3,18,34,43,2,9,5,1,0,43,22,21,44,34,18,20,35,43,4,13,19,8,0,11,10,27,19,11,10,25,19,43,8,19,15,5,0,19,27,26,21,19,25,24,20,43,14,11,12,18,0,12,15,45,25,12,15,36,23,43,18,12,10,15,0,29,46,47,26,23,36,37,24,43,13,33,39,16,0,10,9,39,23,10,9,33,21,43,16,39,35,14,0,23,39,13,12,21,33,13,12,43,34,31,32,38,0,4,7,48,38,4,7,38,32,43,38,32,30,35,0,41,49,14,13,32,38,14,13,43,33,23,29,36,0,9,8,33,36,9,8,29,30,43,36,29,25,34,0,36,33,5,4,30,29,5,4,43,24,21,22,28,0,0,3,50,32,2,1,39,28,43,28,22,20,25,0,35,51,6,5,28,39,6,5,43,23,4,6,26,0,8,11,16,30,8,11,16,26,43,26,6,3,24,0,30,16,1,0,26,16,3,2,43,5,15,10,1,0,21,26,47,44,20,24,37,35,42,27,29,23,0,34,33,8,27,29,8,42,7,6,4,0,17,16,11,17,16,11,42,17,19,13,0,28,27,10,22,25,10,42,37,39,33,0,40,39,9,31,33,9],"materials":[{"colorEmissive":[0,0,0],"depthWrite":true,"blending":1,"specularCoef":50,"DbgName":"mat_sw_Concrete","DbgIndex":0,"DbgColor":15658734,"colorSpecular":[0.5,0.5,0.5],"opacity":1,"transparent":false,"wireframe":false,"shading":"phong","depthTest":true,"colorDiffuse":[0.64,0.64,0.64],"doubleSided":false,"visible":true}],"normals":[-0.195074,0,0.980773,0.195074,0,0.980773,0.179357,0.179357,0.967284,-0.179357,0.179357,0.967284,0.967284,0.179357,-0.179357,0.967284,0.179357,0.179357,0.980773,0,0.195074,0.980773,0,-0.195074,0.179357,0.967284,0.179357,0.179357,0.967284,-0.179357,-0.179357,0.967284,-0.179357,-0.179357,0.967284,0.179357,-0.179357,0.179357,-0.967284,0.179357,0.179357,-0.967284,0.195074,0,-0.980773,-0.195074,0,-0.980773,-0.160161,0.69216,0.703696,-0.577258,0.577471,0.577258,-0.696493,0.172552,0.696493,-0.703726,0.69216,0.160161,-0.967284,0.179357,0.179357,-0.160161,0.69216,-0.703696,-0.577258,0.577471,-0.577258,-0.696493,0.172552,-0.696493,-0.967284,0.179357,-0.179357,-0.703726,0.69216,-0.160161,0.160161,0.69216,0.703696,0.577258,0.577471,0.577258,0.696493,0.172552,0.696493,0.703726,0.69216,0.160161,0.703726,0.69216,-0.160161,0.577258,0.577471,-0.577258,0.696493,0.172552,-0.696493,0.160161,0.69216,-0.703696,-0.707083,0,0.707083,-0.980773,0,0.195074,-0.707083,0,-0.707083,-0.980773,0,-0.195074,0.707083,0,-0.707083,0.707083,0,0.707083],"metadata":{"uvs":1,"version":3,"materials":1,"normals":40,"vertices":40,"faces":37,"type":"Geometry","generator":"io_three"},"vertices":[-1.2072,5.32929e-08,1.2192,-1.2192,5.27684e-08,1.2072,-1.21569,5.31393e-08,1.21569,-1.2072,0.04271,1.2192,-1.2072,0.05471,1.2072,-1.2192,0.04271,1.2072,-1.2072,0.0511953,1.21569,-1.21413,0.0496382,1.21413,-1.21569,0.0511953,1.2072,-1.21569,0.04271,1.21569,-1.2192,-5.27684e-08,-1.2072,-1.2072,-5.32929e-08,-1.2192,-1.21569,-5.31393e-08,-1.21569,-1.2072,0.0547099,-1.2072,-1.2072,0.0427099,-1.2192,-1.2192,0.0427099,-1.2072,-1.2072,0.0511952,-1.21569,-1.21413,0.0496381,-1.21413,-1.21569,0.0427099,-1.21569,-1.21569,0.0511952,-1.2072,1.2192,5.27684e-08,1.2072,1.2072,5.32929e-08,1.2192,1.21569,5.31393e-08,1.21569,1.2072,0.05471,1.2072,1.2072,0.04271,1.2192,1.2192,0.04271,1.2072,1.2072,0.0511953,1.21569,1.21413,0.0496382,1.21413,1.21569,0.04271,1.21569,1.21569,0.0511953,1.2072,1.2072,-5.32929e-08,-1.2192,1.2192,-5.27684e-08,-1.2072,1.21569,-5.31393e-08,-1.21569,1.2072,0.0547099,-1.2072,1.2192,0.0427099,-1.2072,1.2072,0.0427099,-1.2192,1.21569,0.0511952,-1.2072,1.21413,0.0496381,-1.21413,1.21569,0.0427099,-1.21569,1.2072,0.0511952,-1.21569]}