{"metadata":{"version":3,"vertices":164,"generator":"io_three","faces":162,"uvs":1,"materials":1,"normals":164,"type":"Geometry"},"vertices":[1.00512,1.08641e-07,2.48288,0.850394,1.0787e-07,2.46524,0.673424,1.06593e-07,2.43603,0.49764,1.04823e-07,2.39553,0.324283,1.02576e-07,2.34413,0.154555,9.98747e-08,2.28233,-0.0103901,9.67445e-08,2.21072,-0.169458,9.32156e-08,2.12998,-0.321621,8.9322e-08,2.04091,-0.465931,8.51013e-08,1.94435,-0.601523,8.05942e-08,1.84124,-0.727623,7.58439e-08,1.73257,-0.843558,7.08963e-08,1.61938,-0.948754,6.5799e-08,1.50277,-1.04275,6.06011e-08,1.38385,-1.11835,5.57878e-08,1.27374,-1.12519,5.48243e-08,1.2517,-1.12319,5.53252e-08,1.26316,-1.12519,0.0426337,1.2517,-1.11835,0.0426337,1.27374,-1.11207,0.054715,1.26378,-1.12319,0.0426337,1.26316,-1.12191,0.0502611,1.26359,-1.1171,0.0511915,1.26992,-1.12136,0.0511626,1.25752,1.12519,1.08149e-07,2.4767,1.11312,1.08674e-07,2.48818,1.12165,1.08522e-07,2.48507,1.12519,0.0426337,2.4767,1.11311,0.054715,2.48104,1.11312,0.0426337,2.48818,1.12165,0.0511765,2.47899,1.12009,0.0496089,2.48446,1.11311,0.0511765,2.48711,1.12166,0.0426337,2.48404,1.00582,0.054715,2.47577,1.00512,0.0426337,2.48288,1.00532,0.0511765,2.4808,0.851996,0.054715,2.45823,0.850394,0.0426337,2.46524,0.850863,0.0511765,2.46319,0.676058,0.054715,2.42919,0.673424,0.0426337,2.43603,0.674195,0.0511765,2.43403,0.501299,0.054715,2.38893,0.49764,0.0426337,2.39553,0.498712,0.0511765,2.3936,0.328953,0.054715,2.33783,0.324283,0.0426337,2.34413,0.32565,0.0511765,2.34229,0.160215,0.054715,2.27639,0.154555,0.0426337,2.28233,0.156213,0.0511765,2.28059,-0.00376823,0.054715,2.20519,-0.0103902,0.0426337,2.21072,-0.00845065,0.0511765,2.2091,-0.161908,0.054715,2.12493,-0.169458,0.0426337,2.12998,-0.167247,0.0511765,2.12851,-0.313184,0.054715,2.03638,-0.321621,0.0426337,2.04091,-0.31915,0.0511765,2.03958,-0.456653,0.054715,1.94038,-0.465931,0.0426337,1.94435,-0.463214,0.0511765,1.94319,-0.591454,0.054715,1.83787,-0.601523,0.0426337,1.84124,-0.598574,0.0511765,1.84025,-0.716819,0.054715,1.72983,-0.727623,0.0426337,1.73257,-0.724459,0.0511765,1.73177,-0.832077,0.054715,1.61731,-0.843558,0.0426337,1.61938,-0.840195,0.0511765,1.61877,-0.93666,0.054715,1.50137,-0.948754,0.0426337,1.50277,-0.945211,0.0511765,1.50236,-1.03011,0.054715,1.38315,-1.04275,0.0426337,1.38385,-1.03904,0.0511764,1.38365,1.00512,-1.08419e-07,-2.48288,0.850393,-1.07648e-07,-2.46524,0.673423,-1.06371e-07,-2.43603,0.49764,-1.04601e-07,-2.39553,0.324282,-1.02354e-07,-2.34413,0.154555,-9.96528e-08,-2.28233,-0.0103903,-9.65225e-08,-2.21072,-0.169458,-9.29936e-08,-2.12998,-0.321621,-8.91001e-08,-2.04091,-0.465931,-8.48794e-08,-1.94435,-0.601523,-8.03722e-08,-1.84124,-0.727624,-7.5622e-08,-1.73257,-0.843558,-7.06744e-08,-1.61938,-0.948754,-6.5577e-08,-1.50277,-1.04275,-6.03791e-08,-1.38385,1.12519,-1.10506e-10,-4.91836e-08,-1.11835,-5.55658e-08,-1.27374,-1.12519,-5.46024e-08,-1.2517,-1.12319,-5.51033e-08,-1.26316,-1.12519,0.0426336,-1.2517,-1.11835,0.0426336,-1.27374,-1.11207,0.0547149,-1.26378,-1.12319,0.0426336,-1.26316,-1.12191,0.050261,-1.26359,-1.1171,0.0511914,-1.26992,-1.12136,0.0511625,-1.25752,1.12519,-1.0837e-07,-2.4767,1.11312,-1.0885e-07,-2.48818,1.12165,-1.0873e-07,-2.48507,1.12519,0.0426335,-2.4767,1.11311,0.0547148,-2.48104,1.11312,0.0426335,-2.48818,1.12165,0.0511763,-2.47899,1.12009,0.0496086,-2.48446,1.11311,0.0511763,-2.48711,1.12166,0.0426335,-2.48404,1.00582,0.0547148,-2.47577,1.00512,0.0426335,-2.48288,1.00532,0.0511763,-2.4808,0.851996,0.0547148,-2.45823,0.850393,0.0426335,-2.46524,0.850863,0.0511763,-2.46319,0.676058,0.0547148,-2.42919,0.673423,0.0426335,-2.43603,0.674195,0.0511763,-2.43403,0.501299,0.0547148,-2.38893,0.49764,0.0426335,-2.39553,0.498712,0.0511763,-2.3936,0.328953,0.0547148,-2.33783,0.324282,0.0426335,-2.34413,0.32565,0.0511763,-2.34229,0.160215,0.0547148,-2.27639,0.154555,0.0426335,-2.28233,0.156212,0.0511763,-2.28059,-0.00376842,0.0547148,-2.20519,-0.0103904,0.0426335,-2.21072,-0.00845084,0.0511763,-2.2091,-0.161908,0.0547148,-2.12493,-0.169458,0.0426335,-2.12998,-0.167247,0.0511763,-2.12851,-0.313184,0.0547148,-2.03638,-0.321621,0.0426335,-2.04091,-0.31915,0.0511763,-2.03958,-0.456653,0.0547148,-1.94038,-0.465932,0.0426335,-1.94435,-0.463214,0.0511763,-1.94319,-0.591454,0.0547148,-1.83787,-0.601523,0.0426335,-1.84124,-0.598574,0.0511763,-1.84025,-0.716819,0.0547148,-1.72983,-0.727624,0.0426335,-1.73257,-0.724459,0.0511763,-1.73177,-0.832077,0.0547148,-1.61731,-0.843558,0.0426335,-1.61938,-0.840195,0.0511763,-1.61877,-0.93666,0.0547149,-1.50137,-0.948754,0.0426335,-1.50277,-0.945211,0.0511763,-1.50236,-1.03011,0.0547149,-1.38315,-1.04275,0.0426336,-1.38385,-1.03904,0.0511763,-1.38365,1.12519,0.0426336,-5.10471e-08,1.11311,0.0547149,-5.10471e-08,1.12165,0.0511764,-5.12659e-08],