{"uvs":[[0.958545,0.965758,0.958766,0.0323585,0.974849,0.0323123,0.974629,0.965811,0.955398,0.0323289,0.955592,0.0295562,0.95852,0.0288814,0.951942,0.0321298,0.951684,0.0287313,0.954412,0.0284082,0.951452,0.025442,0.954906,0.0254192,0.9517,0.965983,0.955167,0.965786,0.955362,0.968564,0.958296,0.969237,0.951471,0.972796,0.951502,0.969434,0.954269,0.969628,0.954947,0.972552,0.974834,0.0288043,0.953499,0.00920066,0.950011,0.00950229,0.974612,0.96932,0.955025,0.98887,0.951515,0.988887,0.653449,0.0460753,0.497174,0.0494195,0.497178,0.0333655,0.652886,0.0300393,0.653523,0.0495182,0.497173,0.0528913,0.653529,0.0529639,0.497173,0.0563655,0.8181,0.0450307,0.818082,0.041541,0.817927,0.0380562,0.816785,0.0220437,0.0423925,0.969219,0.0421994,0.965761,0.035375,0.965532,0.0192892,0.965578,0.0194876,0.0320842,0.0355743,0.0321375,0.0358222,0.028658,0.0387576,0.0293317,0.0389522,0.0321096,0.0424185,0.0319122,0.0399552,0.0281894,0.0426807,0.028516,0.0429142,0.025227,0.0394609,0.025203,0.0385477,0.968334,0.0387423,0.965562,0.0356199,0.969009,0.0424213,0.972586,0.0389431,0.972338,0.0396199,0.969412,0.0195059,0.0285761,0.0408755,0.00898498,0.0443629,0.00928807,0.0193065,0.969087,0.0423651,0.988675,0.0388571,0.988655,0.340902,0.0460006,0.341471,0.0299675,0.340826,0.0494435,0.340816,0.0528889,0.176253,0.0448775,0.176274,0.0413877,0.176428,0.0379029,0.177579,0.0218936]],"faces":[43,0,11,14,3,0,2,3,0,1,0,1,2,3,43,3,6,7,9,0,1,4,5,6,3,4,5,6,42,4,8,7,0,7,8,9,7,8,5,43,5,9,7,8,0,10,11,9,8,9,6,5,8,42,13,16,17,0,12,13,14,10,11,12,43,14,18,17,16,0,0,15,14,13,2,13,12,11,43,15,19,17,18,0,16,17,18,19,14,15,12,13,43,0,3,9,2,0,2,1,6,20,0,3,6,16,43,2,9,5,1,0,21,11,10,22,16,6,9,17,43,14,11,12,18,0,0,3,23,15,2,1,18,13,43,18,12,10,15,0,19,24,25,16,13,18,19,14,43,13,4,6,16,0,12,7,4,13,10,7,4,11,43,16,6,3,14,0,13,4,1,0,11,4,3,2,43,22,50,51,24,0,26,27,28,29,20,21,22,23,43,20,49,50,22,0,30,31,27,26,24,25,21,20,43,27,48,49,20,0,32,33,31,30,26,27,25,24,42,13,48,27,0,12,33,32,10,27,26,42,13,26,4,0,12,34,7,10,28,7,42,13,27,26,0,12,32,34,10,26,28,43,4,26,21,8,0,7,34,35,8,7,28,29,8,43,26,27,20,21,0,34,32,30,35,28,26,24,29,43,8,21,23,5,0,8,35,36,10,8,29,30,9,43,21,20,22,23,0,35,30,26,36,29,24,20,30,43,5,23,25,1,0,10,36,37,22,9,30,31,17,43,23,22,24,25,0,36,26,29,37,30,20,23,31,43,19,47,41,13,0,17,38,39,12,15,32,33,10,42,48,13,41,0,33,12,39,27,10,33,42,7,6,4,0,5,4,7,5,4,7,42,17,19,13,0,18,17,12,12,15,10,43,42,39,28,31,0,40,41,42,43,34,35,36,37,43,31,37,35,34,0,43,44,45,46,37,38,39,40,42,32,35,36,0,47,48,49,41,39,42,43,33,36,35,37,0,50,49,48,51,43,42,39,38,42,41,45,44,0,39,52,53,33,44,45,43,42,44,45,46,0,40,53,52,54,34,45,44,46,43,43,46,45,47,0,55,56,57,38,47,46,44,32,43,28,30,37,31,0,42,58,44,43,36,48,38,37,43,30,29,33,37,0,59,60,50,51,48,49,43,38,43,42,46,40,39,0,40,54,61,41,34,46,50,35,43,46,43,38,40,0,56,55,62,63,46,47,51,50,43,41,44,34,32,0,39,53,46,47,33,45,40,41,43,44,42,31,34,0,53,40,43,46,45,34,37,40,43,54,56,51,50,0,64,65,28,27,52,53,22,21,43,52,54,50,49,0,66,64,27,31,54,52,21,25,43,59,52,49,48,0,67,66,31,33,55,54,25,27,42,41,59,48,0,39,67,33,33,55,27,42,41,32,58,0,39,47,68,33,41,56,42,41,58,59,0,39,68,67,33,56,55,43,32,36,53,58,0,47,49,69,68,41,42,57,56,43,58,53,52,59,0,68,69,66,67,56,57,54,55,43,36,33,55,53,0,49,50,70,69,42,43,58,57,43,53,55,54,52,0,69,70,64,66,57,58,52,54,43,33,29,57,55,0,50,60,71,70,43,49,59,58,43,55,57,56,54,0,70,71,65,64,58,59,53,52,42,35,32,34,0,45,47,46,39,41,40,42,45,41,47,0,57,39,38,44,33,32,43,15,43,47,19,0,16,55,38,17,14,47,32,15,43,10,38,43,15,0,25,62,55,16,19,51,47,14],"materials":[{"colorEmissive":[0,0,0],"depthWrite":true,"blending":1,"specularCoef":50,"DbgName":"mat_sw_Concrete","DbgIndex":0,"DbgColor":15658734,"colorSpecular":[0.5,0.5,0.5],"opacity":1,"transparent":false,"wireframe":false,"shading":"phong","depthTest":true,"colorDiffuse":[0.64,0.64,0.64],"doubleSided":false,"visible":true}],"normals":[-0.195074,0,0.980773,0.195074,0,0.980773,0.179357,0.179357,0.967284,-0.179357,0.179357,0.967284,-0.160161,0.69216,0.703726,-0.577258,0.577471,0.577258,-0.696493,0.172552,0.696493,-0.185644,0.967864,0.16953,-0.713218,0.689474,0.126041,-0.974761,0.179418,0.132817,0.179357,0.967284,0.179357,0.160161,0.69216,0.703696,0.577258,0.577471,0.577258,0.696493,0.172552,0.696493,0.967284,0.179357,0.179357,0.703726,0.69216,0.160161,-0.707083,0,0.707083,-0.989044,0,0.147465,0.707083,0,0.707083,0.980773,0,0.195074,-0.980132,0.195288,-0.034547,-0.980651,0.195593,0,-1,0,0,-0.999359,0,-0.0351878,-0.705191,0.708548,-0.0248115,-0.704398,0.709799,0,-0.193487,0.981048,-0.00674459,-0.19245,0.981292,0,-0.192145,0.981262,-0.0137333,-0.702933,0.709372,-0.0510575,-0.978149,0.195196,-0.0712302,-0.997345,0,-0.0724204,0.703726,0.69216,-0.160161,0.179357,0.967284,-0.179357,0.179357,0.179357,-0.967284,0.195074,0,-0.980773,-0.195074,0,-0.980773,-0.179357,0.179357,-0.967284,-0.696493,0.172552,-0.696493,-0.577258,0.577471,-0.577258,-0.160161,0.69216,-0.703726,-0.185644,0.967864,-0.16953,-0.713218,0.689474,-0.126041,-0.974761,0.179418,-0.132817,0.577258,0.577471,-0.577258,0.160161,0.69216,-0.703696,0.696493,0.172552,-0.696493,0.967284,0.179357,-0.179357,-0.707083,0,-0.707083,-0.989044,0,-0.147465,0.707083,0,-0.707083,0.980773,0,-0.195074,-0.980132,0.195288,0.034547,-0.999359,0,0.0351878,-0.705191,0.708548,0.0248115,-0.193487,0.981048,0.00674459,-0.192145,0.981262,0.0137333,-0.702933,0.709372,0.0510575,-0.978149,0.195196,0.0712302,-0.997345,0,0.0724204],"metadata":{"uvs":1,"version":3,"materials":1,"normals":60,"vertices":60,"faces":58,"type":"Geometry","generator":"io_three"},"vertices":[-1.27194,5.32929e-08,1.2192,-1.28394,5.27684e-08,1.2072,-1.28043,5.31393e-08,1.21569,-1.27194,0.04271,1.2192,-1.27194,0.05471,1.2072,-1.28394,0.04271,1.2072,-1.27194,0.0511953,1.21569,-1.27887,0.0496382,1.21413,-1.28043,0.0511953,1.2072,-1.28043,0.04271,1.21569,1.2192,5.27684e-08,1.2072,1.2072,5.32929e-08,1.2192,1.21569,5.31393e-08,1.21569,1.2072,0.05471,1.2072,1.2072,0.04271,1.2192,1.2192,0.04271,1.2072,1.2072,0.0511953,1.21569,1.21413,0.0496382,1.21413,1.21569,0.04271,1.21569,1.21569,0.0511953,1.2072,-1.22484,0.0511953,0.41506,-1.24597,0.0511953,0.851913,-1.22836,0.04271,0.41506,-1.24949,0.04271,0.851913,-1.22836,1.81428e-08,0.41506,-1.24949,3.72383e-08,0.851913,-1.23749,0.05471,0.851913,-1.21636,0.05471,0.41506,-1.27194,-5.32929e-08,-1.2192,-1.28394,-5.27684e-08,-1.2072,-1.28043,-5.31393e-08,-1.21569,-1.27194,0.0427099,-1.2192,-1.27194,0.0547099,-1.2072,-1.28394,0.0427099,-1.2072,-1.27194,0.0511952,-1.21569,-1.27887,0.0496381,-1.21413,-1.28043,0.0511952,-1.2072,-1.28043,0.0427099,-1.21569,1.2192,-5.27684e-08,-1.2072,1.2072,-5.32929e-08,-1.2192,1.21569,-5.31393e-08,-1.21569,1.2072,0.0547099,-1.2072,1.2072,0.0427099,-1.2192,1.2192,0.0427099,-1.2072,1.2072,0.0511952,-1.21569,1.21413,0.0496381,-1.21413,1.21569,0.0427099,-1.21569,1.21569,0.0511952,-1.2072,-1.2072,0.05471,-2.39145e-09,-1.21569,0.0511953,-2.23782e-09,-1.2192,0.04271,-1.86691e-09,-1.2192,0,0,-1.22484,0.0511952,-0.41506,-1.24597,0.0511952,-0.851913,-1.22836,0.04271,-0.41506,-1.24949,0.0427099,-0.851913,-1.22836,-1.81428e-08,-0.41506,-1.24949,-3.72383e-08,-0.851913,-1.23749,0.0547099,-0.851913,-1.21636,0.05471,-0.41506]}