{"uvs":[[1.1581,1.18197,1.15806,-0.145543,1.16943,-0.145577,1.16947,1.18201,-0.174445,1.18701,1.15307,1.187,1.15311,1.19837,-0.174479,1.19838,1.15323,1.18213,-0.174603,1.18218,-0.174644,-0.145663,1.15319,-0.145703,-0.179482,-0.145505,-0.179466,1.18201,-0.190845,1.18205,-0.190851,-0.145539,1.15566,-0.145562,1.15579,-0.147538,1.15788,-0.14802,1.15306,-0.14813,1.15501,-0.148263,1.15303,-0.1505,1.15549,-0.150327,-0.177108,-0.145524,-0.177239,-0.147491,-0.17931,-0.147972,-0.174485,-0.150523,-0.174506,-0.148124,-0.17648,-0.148263,-0.176962,-0.150348,1.1557,1.18199,1.15584,1.18397,1.15793,1.18445,1.15309,1.1846,1.15507,1.18473,1.15555,1.18682,-0.174468,1.18464,-0.176433,1.18477,-0.176914,1.18684,-0.177066,1.18203,-0.177203,1.18401,-0.179292,1.18449,1.16942,-0.148079,1.15556,-0.161852,1.15306,-0.161868,-0.190837,-0.148035,-0.177021,-0.16189,-0.174519,-0.161904,-0.176976,1.19836,-0.190834,1.18455,1.16946,1.18451,1.15561,1.19836]],"faces":[43,0,21,24,3,0,2,3,0,1,0,1,2,3,43,34,25,20,31,0,4,5,6,7,4,5,6,7,43,23,33,13,4,0,8,9,10,11,8,9,10,11,43,14,35,30,11,0,12,13,14,15,12,13,14,15,43,3,6,7,9,0,1,16,17,18,3,16,17,18,42,4,8,7,0,11,19,20,11,19,17,43,5,9,7,8,0,21,22,20,19,20,18,17,19,42,13,16,17,0,10,23,24,10,21,22,43,14,18,17,16,0,12,25,24,23,12,23,22,21,43,15,19,17,18,0,26,27,28,29,24,25,22,23,42,23,26,27,0,8,30,31,8,26,27,43,24,28,27,26,0,0,32,31,30,2,28,27,26,43,25,29,27,28,0,5,33,34,35,5,29,27,28,42,33,36,37,0,9,36,37,9,30,31,43,34,38,37,36,0,4,38,37,36,4,32,31,30,43,35,39,37,38,0,13,39,40,41,13,33,31,32,43,0,3,9,2,0,2,1,18,42,0,3,18,34,43,2,9,5,1,0,43,22,21,44,34,18,20,35,43,4,13,19,8,0,11,10,27,19,11,10,25,19,43,8,19,15,5,0,19,27,26,21,19,25,24,20,43,14,11,12,18,0,12,15,45,25,12,15,36,23,43,18,12,10,15,0,29,46,47,26,23,36,37,24,43,13,33,39,16,0,10,9,39,23,10,9,33,21,43,16,39,35,14,0,23,39,13,12,21,33,13,12,43,34,31,32,38,0,4,7,48,38,4,7,38,32,43,38,32,30,35,0,41,49,14,13,32,38,14,13,43,33,23,29,36,0,9,8,33,36,9,8,29,30,43,36,29,25,34,0,36,33,5,4,30,29,5,4,43,24,21,22,28,0,0,3,50,32,2,1,39,28,43,28,22,20,25,0,35,51,6,5,28,39,6,5,43,23,4,6,26,0,8,11,16,30,8,11,16,26,43,26,6,3,24,0,30,16,1,0,26,16,3,2,43,5,15,10,1,0,21,26,47,44,20,24,37,35,42,17,19,13,0,28,27,10,22,25,10,42,7,6,4,0,17,16,11,17,16,11,42,37,39,33,0,40,39,9,31,33,9,42,27,29,23,0,34,33,8,27,29,8],"materials":[{"colorEmissive":[0,0,0],"depthWrite":true,"blending":1,"specularCoef":50,"DbgName":"mat_sw_Concrete","DbgIndex":0,"DbgColor":15658734,"colorSpecular":[0.5,0.5,0.5],"opacity":1,"transparent":false,"wireframe":false,"shading":"phong","depthTest":true,"colorDiffuse":[0.64,0.64,0.64],"doubleSided":false,"visible":true}],"normals":[0.980773,0,0.195105,0.980773,0,-0.195105,0.967284,0.179357,-0.179357,0.967284,0.179357,0.179357,-0.179357,0.179357,-0.967284,0.179357,0.179357,-0.967284,0.195105,0,-0.980773,-0.195074,0,-0.980773,0.179357,0.967284,-0.179357,-0.179357,0.967284,-0.179357,-0.179357,0.967284,0.179357,0.179357,0.967284,0.179357,-0.967284,0.179357,0.179357,-0.967284,0.179357,-0.179357,-0.980773,0,-0.195074,-0.980773,0,0.195105,0.703696,0.69219,0.160161,0.577258,0.577471,0.577258,0.696493,0.172552,0.696493,0.160161,0.69216,0.703696,0.179357,0.179357,0.967284,-0.703696,0.69219,0.160161,-0.577258,0.577471,0.577258,-0.696493,0.172552,0.696493,-0.179357,0.179357,0.967284,-0.160161,0.69216,0.703696,0.703696,0.69219,-0.160161,0.577258,0.577471,-0.577258,0.696493,0.172552,-0.696493,0.160161,0.69216,-0.703696,-0.160161,0.69216,-0.703726,-0.577258,0.577471,-0.577258,-0.696493,0.172552,-0.696493,-0.703696,0.69216,-0.160161,0.707083,0,0.707083,0.195105,0,0.980773,-0.707083,0,0.707083,-0.195105,0,0.980773,-0.707083,0,-0.707083,0.707083,0,-0.707083],"metadata":{"uvs":1,"version":3,"materials":1,"normals":40,"vertices":40,"faces":37,"type":"Geometry","generator":"io_three"},"vertices":[2.5,1.08751e-07,2.48793,2.48793,1.09278e-07,2.5,2.49646,1.09124e-07,2.49646,2.5,0.0426407,2.48793,2.48793,0.0547101,2.48793,2.48793,0.0426407,2.5,2.49646,0.051175,2.48793,2.4949,0.049609,2.4949,2.48793,0.051175,2.49646,2.49646,0.0426407,2.49646,-2.48793,1.09278e-07,2.5,-2.5,1.08751e-07,2.48793,-2.49646,1.09124e-07,2.49646,-2.48793,0.0547101,2.48793,-2.5,0.0426407,2.48793,-2.48793,0.0426407,2.5,-2.49646,0.051175,2.48793,-2.4949,0.049609,2.4949,-2.49646,0.0426407,2.49646,-2.48793,0.051175,2.49646,2.48793,-1.09278e-07,-2.5,2.5,-1.08751e-07,-2.48793,2.49646,-1.09124e-07,-2.49646,2.48793,0.0547099,-2.48793,2.5,0.0426405,-2.48793,2.48793,0.0426405,-2.5,2.49646,0.0511748,-2.48793,2.4949,0.0496087,-2.4949,2.49646,0.0426405,-2.49646,2.48793,0.0511748,-2.49646,-2.5,-1.08751e-07,-2.48793,-2.48793,-1.09278e-07,-2.5,-2.49646,-1.09124e-07,-2.49646,-2.48793,0.0547099,-2.48793,-2.48793,0.0426405,-2.5,-2.5,0.0426405,-2.48793,-2.48793,0.0511748,-2.49646,-2.4949,0.0496087,-2.4949,-2.49646,0.0426405,-2.49646,-2.49646,0.0511748,-2.48793]}