{"vertices":[-147.178,-174.555,175.514,-147.178,175.445,175.514,-147.178,-174.555,-174.486,-147.178,175.445,-174.486,202.822,-174.555,175.514,202.822,175.445,175.514,202.822,-174.555,-174.486,202.822,175.445,-174.486],"normals":[1,0,0,0,8.71931e-08,1,-1,-0,0,0,-8.71931e-08,-1,0,1,-4.35965e-08,0,-1,4.35965e-08],"faces":[43,0,2,3,1,0,0,1,2,3,0,0,0,0,43,2,6,7,3,0,4,5,6,7,1,1,1,1,43,6,4,5,7,0,8,9,10,11,2,2,2,2,43,4,0,1,5,0,12,13,3,10,3,3,3,3,43,2,0,4,6,0,14,15,16,17,4,4,4,4,43,7,5,1,3,0,18,19,20,21,5,5,5,5],"materials":[],"uvs":[[0.501357,0.500979,0.750856,0.500979,0.750856,0.750479,0.501357,0.750479,0.749993,0.500979,0.9995,0.500979,0.9995,0.750486,0.749993,0.750486,0.00244958,0.501012,0.251917,0.501012,0.251917,0.750479,0.00244958,0.750479,0.251917,0.501039,0.501357,0.501039,0.750413,0.501009,0.501357,0.501009,0.501357,0.251952,0.750413,0.251952,0.750303,0.998894,0.502108,0.998894,0.502108,0.750699,0.750303,0.750699]],"metadata":{"type":"Geometry","vertices":8,"generator":"io_three","version":3,"uvs":1,"faces":6,"materials":0,"normals":6}}