{"uvs":[[0.255078,0.00369431,0.342703,0.00369431,0.342703,0.235975,0.255078,0.235975,0.842364,0.32511,0.855597,0.327014,0.851476,0.338068,0.840431,0.334052,0.869838,0.329396,0.863758,0.343796,0.854029,0.356265,0.844961,0.34703,0.843144,0.314593,0.857035,0.314639,0.842434,0.304072,0.855679,0.302256,0.869935,0.299969,0.871938,0.314689,0.786045,0.288093,0.779989,0.281954,0.789202,0.275932,0.793018,0.286807,0.781806,0.31439,0.794055,0.314431,0.794093,0.323751,0.782516,0.324912,0.782585,0.303874,0.794155,0.305112,0.803863,0.305902,0.804076,0.314464,0.803806,0.323025,0.812475,0.314492,0.812448,0.322799,0.812502,0.306185,0.821144,0.305959,0.820873,0.31452,0.821087,0.323082,0.784391,0.333866,0.794038,0.332616,0.792835,0.342047,0.78587,0.340715,0.803051,0.332533,0.801863,0.34378,0.812415,0.332601,0.812376,0.344487,0.821779,0.332595,0.822892,0.34385,0.770921,0.272719,0.783732,0.263793,0.798122,0.258546,0.800306,0.27231,0.802058,0.285134,0.812619,0.271114,0.812574,0.284497,0.812666,0.256844,0.827198,0.258642,0.824923,0.272391,0.823087,0.285204,0.779775,0.346814,0.770645,0.355989,0.760998,0.343456,0.773319,0.33781,0.755015,0.329016,0.769271,0.326728,0.753012,0.314295,0.767915,0.314344,0.755112,0.299588,0.769353,0.301971,0.836002,0.276087,0.832115,0.286937,0.830895,0.314553,0.830795,0.323872,0.830857,0.305233,0.830792,0.332738,0.831932,0.342176,0.838905,0.340891,0.841553,0.263984,0.854305,0.272995,0.845176,0.28217,0.83908,0.288269,0.841218,0.365191,0.826828,0.370438,0.824643,0.356674,0.835747,0.353051,0.812284,0.37214,0.797752,0.370342,0.800028,0.356592,0.812331,0.35787,0.783397,0.365,0.788948,0.352897,0.761192,0.285187,0.773474,0.290915,0.821898,0.296451,0.830912,0.296368,0.84056,0.295118,0.784519,0.294932,0.851631,0.291174,0.803171,0.29639,0.812535,0.296383,0.794158,0.296246,0.863951,0.285527]],"faces":[43,0,2,3,1,1,0,1,2,3,0,0,0,0,43,7,5,4,6,1,0,1,2,3,1,1,1,1,43,8,10,11,9,1,0,1,2,3,2,2,2,2,43,15,13,12,14,1,0,1,2,3,3,3,3,3,43,103,39,16,66,0,4,5,6,7,4,5,6,7,43,39,92,72,16,0,5,8,9,6,5,8,9,6,43,72,87,76,16,0,9,10,11,6,9,10,11,6,43,103,60,17,39,0,4,12,13,5,4,12,13,5,43,104,40,17,60,0,14,15,13,12,14,15,13,12,43,40,91,38,17,0,15,16,17,13,15,16,17,13,43,38,92,39,17,0,17,8,5,13,17,8,5,13,43,111,56,22,80,0,18,19,20,21,18,19,20,21,43,57,18,43,101,0,22,23,24,25,22,23,24,25,43,102,45,18,57,0,26,27,23,22,26,27,23,22,43,99,47,18,45,0,28,29,23,27,28,29,23,27,43,43,18,47,97,0,24,23,29,30,24,23,29,30,43,47,19,44,97,0,29,31,32,30,29,31,32,30,43,99,46,19,47,0,28,33,31,29,28,33,31,29,43,100,48,19,46,0,34,35,31,33,34,35,31,33,43,44,19,48,98,0,32,31,35,36,32,31,35,36,43,65,20,70,107,0,37,38,39,40,37,38,39,40,43,101,43,20,65,0,25,24,38,37,25,24,38,37,43,97,63,20,43,0,30,41,38,24,30,41,38,24,43,70,20,63,105,0,39,38,41,42,39,38,41,42,43,63,21,69,105,0,41,43,44,42,41,43,44,42,43,97,44,21,63,0,30,32,43,41,30,32,43,41,43,98,64,21,44,0,36,45,43,32,36,45,43,32,43,69,21,64,106,0,44,43,45,46,44,43,45,46,43,86,68,22,56,0,47,48,20,19,47,48,20,19,43,68,95,73,22,0,48,49,50,20,48,49,50,20,43,73,109,80,22,0,50,51,21,20,50,51,21,20,43,109,73,23,79,0,51,50,52,53,51,50,52,53,43,95,42,23,73,0,49,54,52,50,49,54,52,50,43,42,96,74,23,0,54,55,56,52,54,55,56,52,43,74,110,79,23,0,56,57,53,52,56,57,53,52,43,84,85,82,24,0,58,59,60,61,58,59,60,61,43,82,89,53,24,0,60,62,63,61,60,62,63,61,43,53,101,65,24,0,63,25,37,61,63,25,37,61,43,65,107,84,24,0,37,40,58,61,37,40,58,61,43,89,37,25,53,0,62,64,65,63,62,64,65,63,43,37,90,54,25,0,64,66,67,65,64,66,67,65,43,54,102,57,25,0,67,26,22,65,67,26,22,65,43,57,101,53,25,0,22,25,63,65,22,25,63,65,43,110,74,28,77,0,57,56,68,69,57,56,68,69,43,48,26,58,98,0,35,70,71,36,35,70,71,36,43,100,59,26,48,0,34,72,70,35,34,72,70,35,43,104,60,26,59,0,14,12,70,72,14,12,70,72,43,58,26,60,103,0,71,70,12,4,71,70,12,4,43,64,27,67,106,0,45,73,74,46,45,73,74,46,43,98,58,27,64,0,36,71,73,45,36,71,73,45,43,103,66,27,58,0,4,7,73,71,4,7,73,71,43,67,27,66,108,0,74,73,7,75,74,73,7,75,43,96,75,28,74,0,55,76,68,56,55,76,68,56,43,75,88,71,28,0,76,77,78,68,76,77,78,68,43,71,112,77,28,0,78,79,69,68,78,79,69,68,43,81,93,50,29,0,80,81,82,83,80,81,82,83,43,106,67,29,50,0,46,74,83,82,46,74,83,82,43,67,108,76,29,0,74,75,11,83,74,75,11,83,43,76,87,81,29,0,11,10,80,83,11,10,80,83,43,41,94,49,30,0,84,85,86,87,84,85,86,87,43,105,69,30,49,0,42,44,87,86,42,44,87,86,43,69,106,50,30,0,44,46,82,87,44,46,82,87,43,50,93,41,30,0,82,81,84,87,82,81,84,87,43,83,85,84,31,0,88,59,58,89,88,59,58,89,43,107,70,31,84,0,40,39,89,58,40,39,89,58,43,70,105,49,31,0,39,42,86,89,39,42,86,89,43,49,94,83,31,0,86,85,88,89,86,85,88,89,43,90,62,33,54,0,66,90,91,67,66,90,91,67,43,52,32,59,100,0,92,93,72,34,92,93,72,34,43,110,77,32,52,0,57,69,93,92,57,69,93,92,43,112,61,32,77,0,79,94,93,69,79,94,93,69,43,59,32,61,104,0,72,93,94,14,72,93,94,14,43,62,86,56,33,0,90,47,19,91,90,47,19,91,43,56,111,55,33,0,19,18,95,91,19,18,95,91,43,55,102,54,33,0,95,26,67,91,95,26,67,91,43,104,61,36,40,0,14,94,96,15,14,94,96,15,43,51,34,46,99,0,97,98,33,28,97,98,33,28,43,109,79,34,51,0,51,53,98,97,51,53,98,97,43,110,52,34,79,0,57,92,98,53,57,92,98,53,43,46,34,52,100,0,33,98,92,34,33,98,92,34,43,55,35,45,102,0,95,99,27,26,95,99,27,26,43,111,80,35,55,0,18,21,99,95,18,21,99,95,43,109,51,35,80,0,51,97,99,21,51,97,99,21,43,45,35,51,99,0,27,99,97,28,27,99,97,28,43,112,71,36,61,0,79,78,96,94,79,78,96,94,43,88,78,36,71,0,77,100,96,78,77,100,96,78,43,78,91,40,36,0,100,16,15,96,100,16,15,96,43,16,76,108,66,0,6,11,75,7,6,11,75,7],"materials":[{"colorEmissive":[0,0,0],"depthWrite":true,"blending":1,"specularCoef":50,"DbgName":"mat_DirtPile","DbgIndex":0,"DbgColor":15658734,"colorSpecular":[0.5,0.5,0.5],"opacity":1,"transparent":false,"wireframe":false,"shading":"phong","depthTest":true,"colorDiffuse":[0.64,0.64,0.64],"doubleSided":false,"visible":true},{"colorEmissive":[0,0,0],"depthWrite":true,"blending":1,"specularCoef":50,"DbgName":"mat_Cypress","DbgIndex":1,"DbgColor":15597568,"colorSpecular":[0.5,0.5,0.5],"opacity":1,"transparent":false,"wireframe":false,"shading":"phong","depthTest":true,"colorDiffuse":[0.64,0.64,0.64],"doubleSided":false,"visible":true}],